item_id	classification	issue	projects	evidence_or_note
maclane:I.1:def3	PARTIAL	#216	4	MacLane I.1: Commutative diagrams as first-class objects
maclane:I.1:remark1	PARTIAL	#217	4	MacLane I.1: Arrows-only metacategories and the equivalence of category presentations
maclane:I.1:def4	PARTIAL	#217	4	MacLane I.1: Arrows-only metacategories and the equivalence of category presentations
maclane:I.1:prop1	PARTIAL	#217	4	MacLane I.1: Arrows-only metacategories and the equivalence of category presentations
maclane:I.8:remark1	PARTIAL	#217	4	MacLane I.1: Arrows-only metacategories and the equivalence of category presentations
maclane:I.2:remark1	ABSENT	#218	4	MacLane I.2: A category is a monoid for the product over its object set
maclane:I.2:construction2	PARTIAL	#219	4	MacLane I.2: Discrete categories are exactly sets
maclane:I.2:construction3	ABSENT	#220	4	MacLane I.2: Delooping monoids and groups into one-object categories
maclane:I.2:construction4	ABSENT	#220	4	MacLane I.2: Delooping monoids and groups into one-object categories
maclane:I.2:construction5	ABSENT	#221	4	MacLane I.2: The matrix category Matr_K
maclane:I.2:construction6	PARTIAL	#222	4	MacLane I.2: Ens_V, the category of sets within a set V
maclane:I.2:construction7	PARTIAL	#223	4	MacLane I.2: Preorders as thin categories, with partial and linear orders
maclane:I.2:def4	PARTIAL	#223	4	MacLane I.2: Preorders as thin categories, with partial and linear orders
maclane:I.2:construction8	PARTIAL	#224	4	MacLane I.2: Finite ordinals as categories and the chain ω
maclane:I.2:construction9	ABSENT	#225	4	MacLane I.2: The simplicial category Delta
maclane:I.1:construction2	PARTIAL	#226	4	MacLane I.2: The roster of standard large categories
maclane:I.2:construction12	PARTIAL	#226	4	MacLane I.2: The roster of standard large categories
maclane:I.3:construction1	ABSENT	#227	4	MacLane I.3: The covariant power-set functor
maclane:I.3:construction2	ABSENT	#228	4	MacLane I.3: GL_n and the determinant as a natural transformation
maclane:I.4:construction1	ABSENT	#228	4	MacLane I.3: GL_n and the determinant as a natural transformation
maclane:I.3:construction3	ABSENT	#229	4	MacLane I.3: Commutator subgroup and abelianization functors
maclane:I.4:construction2	ABSENT	#229	4	MacLane I.3: Commutator subgroup and abelianization functors
maclane:I.3:remark1	ABSENT	#230	4	MacLane I.3: The center of a group is not functorial
maclane:I.3:ex4	ABSENT	#230	4	MacLane I.3: The center of a group is not functorial
maclane:I.3:def4	PARTIAL	#231	4	MacLane I.3: Full and faithful functors, subcategories, and reflection of monics
maclane:I.3:def5	PARTIAL	#231	4	MacLane I.3: Full and faithful functors, subcategories, and reflection of monics
maclane:I.3:def6	PARTIAL	#231	4	MacLane I.3: Full and faithful functors, subcategories, and reflection of monics
maclane:I.5:ex9	ABSENT	#231	4	MacLane I.3: Full and faithful functors, subcategories, and reflection of monics
maclane:I.3:ex1	ABSENT	#232	4	MacLane I.3: The field of quotients as a functor
maclane:I.3:ex2	PARTIAL	#233	4	MacLane I.3: Functors out of 1, 2, and 3
maclane:I.3:ex3	PARTIAL	#234	4	MacLane I.3: Functors between preorders, groups, and representation categories
maclane:I.3:ex5	ABSENT	#235	4	MacLane I.3: Two distinct functors sharing the identity object function
maclane:I.4:construction3	PARTIAL	#236	4	MacLane I.4: Character groups and duality of finite abelian groups
maclane:I.4:remark1	ABSENT	#236	4	MacLane I.4: Character groups and duality of finite abelian groups
maclane:I.4:remark2	PARTIAL	#237	4	MacLane I.4: The double-dual natural isomorphism for finite-dimensional vector spaces
maclane:I.4:construction4	PARTIAL	#238	4	MacLane I.4: The skeleton equivalence between finite sets and finite ordinals
maclane:I.4:ex1	PARTIAL	#239	4	MacLane I.4: The currying adjunction and naturality of evaluation
maclane:I.4:ex2	PARTIAL	#240	4	MacLane I.4: The fixed-factor product functor and its induced transformation
maclane:I.4:ex3	ABSENT	#241	4	MacLane I.4: Natural transformations between group homomorphisms are conjugations
maclane:I.4:ex4	ABSENT	#242	4	MacLane I.4: Natural transformations into a preorder
maclane:I.4:ex5	ABSENT	#243	4	MacLane I.4: The arrows-only presentation of natural transformations
maclane:I.4:ex6	ABSENT	#244	4	MacLane I.4: Finite-dimensional vector spaces and the matrix-category equivalence
maclane:I.5:def4	PARTIAL	#245	4	MacLane I.5: Epis in Sets are exactly the surjections
maclane:I.5:def5	PARTIAL	#246	4	MacLane I.5: Split morphisms, idempotent composites, and regular arrows
maclane:I.5:ex7	ABSENT	#246	4	MacLane I.5: Split morphisms, idempotent composites, and regular arrows
maclane:I.5:def7	PARTIAL	#247	4	MacLane I.5: Uniqueness of terminal, initial, and zero objects
maclane:I.5:def8	PARTIAL	#247	4	MacLane I.5: Uniqueness of terminal, initial, and zero objects
maclane:I.5:def9	PARTIAL	#248	4	MacLane I.5: Groupoids and the structure of connected groupoids
maclane:I.5:remark1	ABSENT	#248	4	MacLane I.5: Groupoids and the structure of connected groupoids
maclane:I.5:construction1	ABSENT	#249	4	MacLane I.5: The fundamental groupoid of a topological space
maclane:I.5:ex1	ABSENT	#250	4	MacLane I.5: Monic/epi cancellation and a non-invertible bimorphism
maclane:I.5:ex3	ABSENT	#250	4	MacLane I.5: Monic/epi cancellation and a non-invertible bimorphism
maclane:I.5:ex5	ABSENT	#251	4	MacLane I.5: Epimorphisms of groups are surjective
maclane:I.5:ex8	PARTIAL	#252	4	MacLane I.5: The natural numbers as an initial algebra
maclane:I.6:def1	PARTIAL	#253	4	MacLane I.6: Size and foundations vocabulary
maclane:I.6:def2	PARTIAL	#253	4	MacLane I.6: Size and foundations vocabulary
maclane:I.6:def4	PARTIAL	#253	4	MacLane I.6: Size and foundations vocabulary
maclane:I.6:def5	PARTIAL	#253	4	MacLane I.6: Size and foundations vocabulary
maclane:I.6:def6	PARTIAL	#253	4	MacLane I.6: Size and foundations vocabulary
maclane:I.6:remark1	PARTIAL	#253	4	MacLane I.6: Size and foundations vocabulary
maclane:I.6:remark2	PARTIAL	#253	4	MacLane I.6: Size and foundations vocabulary
maclane:I.6:remark3	PARTIAL	#253	4	MacLane I.6: Size and foundations vocabulary
maclane:I.6:ex1	ABSENT	#254	4	MacLane I.6: Small completeness of Sets (indexed products and coproducts)
maclane:I.6:ex2	ABSENT	#254	4	MacLane I.6: Small completeness of Sets (indexed products and coproducts)
maclane:I.6:construction2	PARTIAL	#255	4	MacLane I.6: Grp, the category of groups
maclane:I.7:construction1	PARTIAL	#256	4	MacLane I.7: Ab, the category of abelian groups
maclane:I.7:prop1	ABSENT	#256	4	MacLane I.7: Ab, the category of abelian groups
maclane:I.7:def1	ABSENT	#257	4	MacLane I.7: Rng, the category of rings
maclane:I.7:construction2	ABSENT	#257	4	MacLane I.7: Rng, the category of rings
maclane:I.5:ex4	ABSENT	#257	4	MacLane I.7: Rng, the category of rings
maclane:I.7:construction3	ABSENT	#258	4	MacLane I.7: Module categories R-Mod and friends
maclane:I.7:construction4	ABSENT	#259	4	MacLane I.7: Top, the category of topological spaces
maclane:I.7:construction5	ABSENT	#260	4	MacLane I.7: Homotopy categories and pointed spaces
maclane:I.7:construction7	ABSENT	#260	4	MacLane I.7: Homotopy categories and pointed spaces
maclane:I.7:construction6	PARTIAL	#261	4	MacLane I.7: Set_*, the category of pointed sets
maclane:I.7:prop2	ABSENT	#261	4	MacLane I.7: Set_*, the category of pointed sets
maclane:I.7:construction8	PARTIAL	#262	4	MacLane I.7: Rel, converse relations, and the graph embedding
maclane:I.7:def2	PARTIAL	#263	4	MacLane I.7: Concrete categories
maclane:I.7:remark1	ABSENT	#263	4	MacLane I.7: Concrete categories
maclane:I.8:def4	PARTIAL	#264	4	MacLane I.8: Ab-categories and additive functors
maclane:I.8:def6	PARTIAL	#264	4	MacLane I.8: Ab-categories and additive functors
maclane:I.8:construction1	ABSENT	#264	4	MacLane I.8: Ab-categories and additive functors
maclane:I.8:def5	PARTIAL	#265	4	MacLane I.8: The tensor product of abelian groups and Ab-enrichment
maclane:I.1:construction1	PRESENT	-	-	Instance/Coq.v:120 Coq
maclane:I.1:def1	PRESENT	-	-	Construction/Free/Quiver.v:54 Quiver
maclane:I.1:def2	PRESENT	-	-	Theory/Category.v:111 Category
maclane:I.2:construction1	PRESENT	-	-	Instance/Zero.v:28 _0
maclane:I.2:construction10	PRESENT	-	-	Instance/FinSet.v:116 FinSet
maclane:I.2:construction11	PRESENT	-	-	Instance/Sets.v:188 Sets
maclane:I.2:def1	PRESENT	-	-	Construction/Free/Quiver.v:54 Quiver
maclane:I.2:def2	PRESENT	-	-	Theory/Category.v:111 Category
maclane:I.2:def3	PRESENT	-	-	Theory/Category.v:115 hom
maclane:I.3:construction4	PRESENT	-	-	Theory/Functor.v:258 Compose
maclane:I.3:construction5	PRESENT	-	-	Instance/Cat.v:142 Cat
maclane:I.3:def1	PRESENT	-	-	Theory/Functor.v:96 Functor
maclane:I.3:def2	PRESENT	-	-	Instance/CMon.v:169 CMon_Forget
maclane:I.3:def3	PRESENT	-	-	Theory/Isomorphism.v:113 Isomorphism
maclane:I.3:remark2	PRESENT	-	-	Theory/Functor.v:331 Full
maclane:I.4:def1	PRESENT	-	-	Theory/Natural/Transformation.v:113 Transform
maclane:I.4:def2	PRESENT	-	-	Instance/Fun.v:255 Functor_Setoid_Nat_Iso
maclane:I.4:def3	PRESENT	-	-	Theory/Equivalence.v:151 EquivalenceOfCategories
maclane:I.5:def1	PRESENT	-	-	Theory/Isomorphism.v:113 Isomorphism
maclane:I.5:def2	PRESENT	-	-	Theory/Isomorphism.v:187 iso_equivalence
maclane:I.5:def3	PRESENT	-	-	Theory/Morphisms.v:116 Monic
maclane:I.5:def6	PRESENT	-	-	Theory/Morphisms.v:22 Idempotent
maclane:I.5:ex2	PRESENT	-	-	Theory/Morphisms.v:212 monic_compose
maclane:I.5:ex6	PRESENT	-	-	Instance/Sets/Karoubi.v:101 Sets_IdempotentsSplit
maclane:I.6:construction1	PRESENT	-	-	Instance/Coq.v:120 Coq
maclane:I.6:construction3	PRESENT	-	-	Instance/Sets.v:188 Sets
maclane:I.6:construction4	PRESENT	-	-	Instance/Cat.v:142 Cat
maclane:I.6:def3	PRESENT	-	-	Instance/Comp.v:382 Group
maclane:I.8:def1	PRESENT	-	-	Theory/Category.v:115 hom
maclane:I.8:def2	PRESENT	-	-	Theory/Category.v:111 Category
maclane:I.8:def3	PRESENT	-	-	Theory/Functor.v:96 Functor
maclane:I.8:remark2	PRESENT	-	-	Theory/Natural/Transformation.v:113 Transform
maclane:I.8:remark3	PRESENT	-	-	Construction/Enriched.v:111 Enriched
maclane:II.1:def1	PARTIAL	#266	4	MacLane II.1: The ETAC statement language and the duality principle
maclane:II.1:def2	PARTIAL	#266	4	MacLane II.1: The ETAC statement language and the duality principle
maclane:II.1:thm1	PARTIAL	#266	4	MacLane II.1: The ETAC statement language and the duality principle
maclane:II.1:remark2	PARTIAL	#266	4	MacLane II.1: The ETAC statement language and the duality principle
maclane:II.2:lem1	PARTIAL	#266	4	MacLane II.1: The ETAC statement language and the duality principle
maclane:II.2:construction1	PARTIAL	#267	4	MacLane II.2: The op involution as a functor on Cat
maclane:II.2:construction7	PARTIAL	#268	4	MacLane II.2: Open(X) and the presheaf of continuous functions
maclane:II.2:construction8	ABSENT	#269	4	MacLane II.2: Restriction of scalars and the fibered category of all modules
maclane:II.2:construction9	PARTIAL	#269	4	MacLane II.2: Restriction of scalars and the fibered category of all modules
maclane:II.3:prop1	PARTIAL	#270	4	MacLane II.3: Bifunctors and transformations from partial data (Propositions 1 and 2)
maclane:II.3:def3	PARTIAL	#270	4	MacLane II.3: Bifunctors and transformations from partial data (Propositions 1 and 2)
maclane:II.3:prop2	PARTIAL	#270	4	MacLane II.3: Bifunctors and transformations from partial data (Propositions 1 and 2)
maclane:II.3:construction5	ABSENT	#271	4	MacLane II.3: The cylinder C x 2 and the universal natural transformation
maclane:II.4:ex8	PARTIAL	#271	4	MacLane II.3: The cylinder C x 2 and the universal natural transformation
maclane:II.3:ex1	ABSENT	#272	4	MacLane II.3: Product categories subsume products of monoids, groups, and sets
maclane:II.3:ex2	ABSENT	#273	4	MacLane II.3: Preorders are closed under products and functor categories
maclane:II.4:ex4	ABSENT	#273	4	MacLane II.3: Preorders are closed under products and functor categories
maclane:II.3:ex3	PARTIAL	#274	4	MacLane II.3: Set-indexed products of categories
maclane:II.3:ex5	ABSENT	#275	4	MacLane II.3: The ring of continuous functions as a contravariant functor
maclane:II.4:remark1	PARTIAL	#276	4	MacLane II.4: Functor categories over discrete shapes and their size
maclane:II.4:ex2	ABSENT	#276	4	MacLane II.4: Functor categories over discrete shapes and their size
maclane:II.4:remark2	PARTIAL	#276	4	MacLane II.4: Functor categories over discrete shapes and their size
maclane:II.4:construction1	PARTIAL	#277	4	MacLane II.4: The arrow category as [2, B] and the classification of natural transformations
maclane:II.4:ex7	PARTIAL	#277	4	MacLane II.4: The arrow category as [2, B] and the classification of natural transformations
maclane:II.4:construction2	ABSENT	#278	4	MacLane II.4: Monoid and group actions as functor categories
maclane:II.4:ex5	ABSENT	#278	4	MacLane II.4: Monoid and group actions as functor categories
maclane:II.4:construction3	ABSENT	#279	4	MacLane II.4: Linear representations as the functor category (K-Mod)^G
maclane:II.4:ex1	ABSENT	#280	4	MacLane II.4: R-Mod as an additive functor category
maclane:II.4:ex3	ABSENT	#281	4	MacLane II.4: Graded abelian groups as Ab^N
maclane:II.4:ex6	ABSENT	#282	4	MacLane II.4: Matrix equivalence and similarity via functor categories
maclane:II.5:thm1	PARTIAL	#283	4	MacLane II.5: Strict 2-categories, double categories, and Cat
maclane:II.5:def2	PARTIAL	#283	4	MacLane II.5: Strict 2-categories, double categories, and Cat
maclane:II.5:def3	PARTIAL	#283	4	MacLane II.5: Strict 2-categories, double categories, and Cat
maclane:II.5:ex2	PARTIAL	#284	4	MacLane II.5: Naturality of the exponential laws
maclane:II.5:ex5	PARTIAL	#285	4	MacLane II.5: The abstract Eckmann-Hilton argument
maclane:II.5:ex4	ABSENT	#286	4	MacLane II.5: Loop interchange and the abelian fundamental group of a topological group
maclane:II.5:ex6	ABSENT	#286	4	MacLane II.5: Loop interchange and the abelian fundamental group of a topological group
maclane:II.5:ex7	PARTIAL	#287	4	MacLane II.5: The hom-action of a functor as a natural transformation
maclane:II.5:ex8	ABSENT	#288	4	MacLane II.5: The centre of a category
maclane:II.6:remark1	PARTIAL	#289	4	MacLane II.6: Comma-category specializations
maclane:II.6:ex2	ABSENT	#289	4	MacLane II.6: Comma-category specializations
maclane:II.6:construction1	PARTIAL	#290	4	MacLane II.6: The comma diagram over the arrow category and its universal property
maclane:II.6:ex3	PARTIAL	#290	4	MacLane II.6: The comma diagram over the arrow category and its universal property
maclane:II.6:ex5	ABSENT	#290	4	MacLane II.6: The comma diagram over the arrow category and its universal property
maclane:II.6:ex4	PARTIAL	#291	4	MacLane II.6: The Huq correspondence is a bijection
maclane:II.6:ex6	PARTIAL	#292	4	MacLane II.6: Functoriality of the comma construction
maclane:II.6:ex1	ABSENT	#293	4	MacLane II.6: Commutative K-algebras as a coslice of commutative rings
maclane:II.7:def2	ABSENT	#294	4	MacLane II.7: O-graphs, the composable-pairs product, and categories as monoids
maclane:II.7:def3	ABSENT	#294	4	MacLane II.7: O-graphs, the composable-pairs product, and categories as monoids
maclane:II.7:remark1	ABSENT	#294	4	MacLane II.7: O-graphs, the composable-pairs product, and categories as monoids
maclane:II.7:remark3	PARTIAL	#295	4	MacLane II.7: Concrete free categories and free finite ordinals
maclane:II.7:ex2	ABSENT	#295	4	MacLane II.7: Concrete free categories and free finite ordinals
maclane:II.7:cor2	PARTIAL	#296	4	MacLane II.7: The free monoid and its universal property
maclane:II.7:ex1	ABSENT	#297	4	MacLane II.7: Opposite and product graphs
maclane:II.7:ex3	ABSENT	#298	4	MacLane II.7: The free groupoid on a graph and free groups
maclane:II.8:prop1	PARTIAL	#299	4	MacLane II.8: The least congruence and presented categories
maclane:II.8:def1	PARTIAL	#299	4	MacLane II.8: The least congruence and presented categories
maclane:II.8:def2	PARTIAL	#299	4	MacLane II.8: The least congruence and presented categories
maclane:II.8:ex1	ABSENT	#300	4	MacLane II.8: The walking commutative square by generators and relations
maclane:II.8:ex2	ABSENT	#301	4	MacLane II.8: Group congruences are normal subgroups
maclane:II.2:construction2	PARTIAL	#227	4	also covered by existing issue
maclane:II.2:construction3	ABSENT	#237	4	also covered by existing issue
maclane:II.3:ex4	ABSENT	#221	4	also covered by existing issue
maclane:II.8:remark1	ABSENT	#260	4	also covered by existing issue
maclane:II.1:remark1	PRESENT	-	-	Construction/Opposite.v:126 op_invol
maclane:II.2:construction4	PRESENT	-	-	Functor/Hom.v:60 Curried_Hom
maclane:II.2:construction5	PRESENT	-	-	Functor/Hom.v:146 Curried_CoHom
maclane:II.2:construction6	PRESENT	-	-	Instance/Sets.v:188 Sets
maclane:II.2:def1	PRESENT	-	-	Construction/Opposite.v:106 Opposite
maclane:II.2:def2	PRESENT	-	-	Functor/Opposite.v:56 contramap
maclane:II.2:remark1	PRESENT	-	-	Functor/Hom.v:49 Hom
maclane:II.3:construction1	PRESENT	-	-	Construction/Product.v:149 Fst
maclane:II.3:construction2	PRESENT	-	-	Functor/Construction/Product.v:34 ProductFunctor
maclane:II.3:construction3	PRESENT	-	-	Functor/Product/Internal.v:34 InternalProductFunctor
maclane:II.3:construction4	PRESENT	-	-	Functor/Hom.v:49 Hom
maclane:II.3:def1	PRESENT	-	-	Construction/Product.v:95 Product
maclane:II.3:def2	PRESENT	-	-	Functor/Bifunctor.v:38 bimap
maclane:II.3:remark1	PRESENT	-	-	Construction/Product.v:185 Product_Opposite
maclane:II.3:remark2	PRESENT	-	-	Adjunction/Hom.v:72 Adjunction_Hom / hom_adj
maclane:II.4:def1	PRESENT	-	-	Instance/Fun.v:108 Fun
maclane:II.5:construction1	PRESENT	-	-	Theory/Natural/Transformation.v:283 nat_hcompose
maclane:II.5:construction2	PRESENT	-	-	Functor/Hom/Internal.v:40 InternalHomFunctor
maclane:II.5:def1	PRESENT	-	-	Theory/Natural/Transformation.v:329 whisker_right
maclane:II.5:ex1	PRESENT	-	-	Instance/Cat/Cartesian/Closed.v:47 Cat_Closed
maclane:II.5:ex3	PRESENT	-	-	Instance/Cat/Bicategory.v:64 Cat_Hcompose
maclane:II.5:remark1	PRESENT	-	-	Theory/Bicategory/Adjunction.v:79 hcomp2_comp
maclane:II.5:remark2	PRESENT	-	-	Functor/Bifunctor.v:68 bimap_comp
maclane:II.6:def1	PRESENT	-	-	Construction/Slice.v:169 Coslice
maclane:II.6:def2	PRESENT	-	-	Construction/Slice.v:123 Slice
maclane:II.6:def3	PRESENT	-	-	Construction/Comma.v:127 Comma
maclane:II.6:def4	PRESENT	-	-	Construction/Comma.v:127 Comma
maclane:II.7:construction1	PRESENT	-	-	Construction/Free/Quiver.v:398 QuiverOfCat
maclane:II.7:construction2	PRESENT	-	-	Construction/Free/Quiver.v:431 FreeOnQuiver
maclane:II.7:construction3	PRESENT	-	-	Construction/Free/Quiver.v:412 Forgetful
maclane:II.7:def1	PRESENT	-	-	Construction/Free/Quiver.v:54 Quiver
maclane:II.7:def4	PRESENT	-	-	Construction/Free/Quiver.v:205 QuiverHomomorphism
maclane:II.7:remark2	PRESENT	-	-	Theory/Universal/Arrow.v:127 UniversalArrow
maclane:II.7:thm1	PRESENT	-	-	Construction/Free/Quiver.v:518 UniversalArrowQuiverCat
maclane:III.1:def3	PARTIAL	#302	4	MacLane III.1: Couniversal arrows (universal arrows from a functor to an object)
maclane:III.1:def2	PARTIAL	#303	4	MacLane III.1: Universal elements as first-class structures
maclane:III.1:remark3	PARTIAL	#303	4	MacLane III.1: Universal elements as first-class structures
maclane:III.1:remark4	PARTIAL	#304	4	MacLane III.1: Kernels as universals for a contravariant functor
maclane:III.1:construction1	ABSENT	#305	4	MacLane III.1: The free vector space on a set as a universal arrow
maclane:III.1:construction6	ABSENT	#306	4	MacLane III.1: The tensor product as a universal element of the bilinear-maps functor
maclane:III.1:construction2	ABSENT	#307	4	MacLane III.1: The field of quotients as a universal arrow
maclane:III.1:construction3	ABSENT	#308	4	MacLane III.1: Metric-space completion as a universal arrow
maclane:III.1:remark2	PARTIAL	#309	4	MacLane III.1: Free modules and polynomial rings as universal arrows
maclane:III.1:ex7	ABSENT	#309	4	MacLane III.1: Free modules and polynomial rings as universal arrows
maclane:III.1:ex1	ABSENT	#310	4	MacLane III.1: Group rings, tensor algebras, and exterior algebras as universal arrows
maclane:III.1:ex2	PARTIAL	#311	4	MacLane III.1: A universal element for the contravariant power-set functor
maclane:III.1:ex3	ABSENT	#312	4	MacLane III.1: Universal arrows to the standard forgetful functors
maclane:III.1:construction5	ABSENT	#313	4	MacLane III.1: Quotient groups and the isomorphism theorems by universality
maclane:III.1:ex4	ABSENT	#313	4	MacLane III.1: Quotient groups and the isomorphism theorems by universality
maclane:III.1:ex5	ABSENT	#314	4	MacLane III.1: Quotient modules and quotient rings by universality
maclane:III.1:ex6	ABSENT	#314	4	MacLane III.1: Quotient modules and quotient rings by universality
maclane:III.1:construction4	PARTIAL	#315	4	MacLane III.1: Quotient setoids and coequalizers in Sets
maclane:III.3:remark2	ABSENT	#315	4	MacLane III.1: Quotient setoids and coequalizers in Sets
maclane:III.3:ex5	ABSENT	#315	4	MacLane III.1: Quotient setoids and coequalizers in Sets
maclane:III.2:lem2	PARTIAL	#316	4	MacLane III.2: Naturality of the Yoneda isomorphism in both variables
maclane:III.2:ex1	PARTIAL	#317	4	MacLane III.2: Representations are functorial in natural transformations
maclane:III.2:ex4	ABSENT	#318	4	MacLane III.2: Naturality is unchanged by enlarging the codomain
maclane:III.2:remark1	PARTIAL	#318	4	MacLane III.2: Naturality is unchanged by enlarging the codomain
maclane:III.2:ex3	ABSENT	#319	4	MacLane III.2: Kan's coyoneda lemma over the category of elements
maclane:III.3:def2	PARTIAL	#320	4	MacLane III.3: Indexed coproducts
maclane:III.4:def4	PARTIAL	#321	4	MacLane III.4: Powers and copowers of an object
maclane:III.3:def3	ABSENT	#321	4	MacLane III.4: Powers and copowers of an object
maclane:III.3:construction2	PARTIAL	#322	4	MacLane III.3: Wide equalizers and wide coequalizers
maclane:III.3:def7	PARTIAL	#323	4	MacLane III.3: Cokernel pairs and the pushout characterization of epimorphisms
maclane:III.4:ex4	ABSENT	#323	4	MacLane III.3: Cokernel pairs and the pushout characterization of epimorphisms
maclane:III.3:remark1	PARTIAL	#324	4	MacLane III.3: Coproducts in the familiar algebraic and topological categories
maclane:III.3:ex1	ABSENT	#324	4	MacLane III.3: Coproducts in the familiar algebraic and topological categories
maclane:III.3:remark3	PARTIAL	#325	4	MacLane III.3: Pushouts in Grp and Top; amalgamated products
maclane:III.3:ex2	PARTIAL	#326	4	MacLane III.4: Interdefinability of the finite (co)limit constructions
maclane:III.4:ex7	ABSENT	#326	4	MacLane III.4: Interdefinability of the finite (co)limit constructions
maclane:III.4:ex9	ABSENT	#326	4	MacLane III.4: Interdefinability of the finite (co)limit constructions
maclane:III.4:ex10	ABSENT	#326	4	MacLane III.4: Interdefinability of the finite (co)limit constructions
maclane:III.3:ex3	ABSENT	#327	4	MacLane III.3: Coequalizers in the matrix category
maclane:III.3:ex4	PARTIAL	#328	4	MacLane III.3: Coproducts in Mon and Grph
maclane:III.3:remark4	PARTIAL	#329	4	MacLane III.3: Chain unions as colimits and the cocompleteness of Sets
maclane:III.3:ex7	ABSENT	#330	4	MacLane III.3: An abelian group is the colimit of its finitely generated subgroups
maclane:III.4:remark3	PARTIAL	#331	4	MacLane III.4: Hom-functors preserve products and limits
maclane:III.4:def8	PARTIAL	#332	4	MacLane III.4: Graph-shaped diagrams and their limits
maclane:III.4:remark6	PARTIAL	#332	4	MacLane III.4: Graph-shaped diagrams and their limits
maclane:III.4:ex1	PARTIAL	#333	4	MacLane III.4: Pullbacks and kernel pairs in Sets
maclane:III.4:ex6	PARTIAL	#333	4	MacLane III.4: Pullbacks and kernel pairs in Sets
maclane:III.4:ex3	ABSENT	#334	4	MacLane III.4: Limits along an index category with an initial object
maclane:III.5:prop1	PARTIAL	#335	4	MacLane III.5: All finite products from a terminal object and binary products
maclane:III.5:remark1	PARTIAL	#336	4	MacLane III.5: The matrix calculus from finite coproducts to finite products
maclane:III.5:remark2	PARTIAL	#336	4	MacLane III.5: The matrix calculus from finite coproducts to finite products
maclane:III.5:ex3	ABSENT	#337	4	MacLane III.5: Cat has pullbacks and comma categories are pullbacks in Cat
maclane:III.5:ex4	PARTIAL	#338	4	MacLane III.5: Cat has small coproducts
maclane:III.5:ex5	PARTIAL	#339	4	MacLane III.5: Pointwise finite products in functor categories
maclane:III.6:remark1	PARTIAL	#340	4	MacLane III.6: Ring and lattice objects by internalization
maclane:III.6:prop1	ABSENT	#341	4	MacLane III.6: Group objects through their representable functors
maclane:III.6:remark2	ABSENT	#341	4	MacLane III.6: Group objects through their representable functors
maclane:III.6:ex3	ABSENT	#342	4	MacLane III.6: Pointwise group objects in functor categories
maclane:III.6:ex1	PARTIAL	#343	4	MacLane III.6: The categories of internal monoids and groups have finite products
maclane:III.6:ex2	ABSENT	#343	4	MacLane III.6: The categories of internal monoids and groups have finite products
maclane:III.6:ex4	ABSENT	#344	4	MacLane III.6: Groups in Grp are abelian groups
maclane:III.7:construction1	PARTIAL	#345	4	MacLane III.7: The category of elements of a set-valued functor
maclane:III.7:thm1	PARTIAL	#346	4	MacLane III.7: The density theorem: set-valued functors as colimits of representables
maclane:III.7:remark1	PARTIAL	#346	4	MacLane III.7: The density theorem: set-valued functors as colimits of representables
maclane:III.4:ex2	PARTIAL	#254	4	also covered by existing issue
maclane:III.1:construction7	PRESENT	-	-	Functor/Diagonal.v:46 Diagonal_Product
maclane:III.1:def1	PRESENT	-	-	Theory/Universal/Arrow.v:240 AUniversalArrow
maclane:III.1:remark1	PRESENT	-	-	Theory/Universal/Arrow.v:127 UniversalArrow
maclane:III.2:construction1	PRESENT	-	-	Functor/Hom.v:60 Curried_Hom
maclane:III.2:cor1	PRESENT	-	-	Functor/Hom.v:96 Yoneda_Full
maclane:III.2:def1	PRESENT	-	-	Functor/Representable.v:46 Representable
maclane:III.2:ex2	PRESENT	-	-	Functor/Hom/Yoneda.v:133 Yoneda_Lemma
maclane:III.2:lem1	PRESENT	-	-	Functor/Hom/Yoneda.v:182 Covariant_Yoneda_Lemma
maclane:III.2:prop1	PRESENT	-	-	Structure/UniversalProperty/Universal/Arrow.v:61 UniversalArrowIsUniversalProperty
maclane:III.2:prop2	PRESENT	-	-	Structure/UniversalProperty.v:72 representability_by_yoneda
maclane:III.3:construction1	PRESENT	-	-	Structure/Cocartesian.v:151 cover
maclane:III.3:construction3	PRESENT	-	-	Instance/Roof.v:29 RoofObj
maclane:III.3:def1	PRESENT	-	-	Structure/Cocartesian.v:115 Cocartesian
maclane:III.3:def4	PRESENT	-	-	Structure/Kernel.v:58 IsCokernel
maclane:III.3:def5	PRESENT	-	-	Structure/Coequalizer.v:52 IsCoequalizer
maclane:III.3:def6	PRESENT	-	-	Structure/Pushout.v:47 IsPushout
maclane:III.3:def8	PRESENT	-	-	Structure/Limit.v:158 Colimit
maclane:III.3:def9	PRESENT	-	-	Structure/Cone.v:72 Cocone
maclane:III.3:ex6	PRESENT	-	-	Structure/UniversalProperty/Limit.v:141 LimitIsUniversalProperty
maclane:III.4:def1	PRESENT	-	-	Structure/Limit.v:113 Limit
maclane:III.4:def2	PRESENT	-	-	Structure/Cartesian.v:121 Cartesian
maclane:III.4:def3	PRESENT	-	-	Structure/Limit/Product.v:51 IsIndexedProduct
maclane:III.4:def5	PRESENT	-	-	Structure/Equalizer.v:120 Equalizer
maclane:III.4:def6	PRESENT	-	-	Structure/Pullback.v:161 Pullback
maclane:III.4:def7	PRESENT	-	-	Structure/Regular.v:46 kernel_pair
maclane:III.4:ex5	PRESENT	-	-	Theory/Morphisms/Stability.v:226 monic_pullback_stable
maclane:III.4:ex8	PRESENT	-	-	Theory/Morphisms/Stability.v:106 pullback_paste
maclane:III.4:remark1	PRESENT	-	-	Structure/UniversalProperty.v:175 univ_property_unique_up_to_unique_iso
maclane:III.4:remark2	PRESENT	-	-	Structure/UniversalProperty/Limit.v:141 LimitIsUniversalProperty
maclane:III.4:remark4	PRESENT	-	-	Structure/Equalizer/Fork.v:83 equalizer_monic
maclane:III.4:remark5	PRESENT	-	-	Structure/Limit/Terminal.v:33 Terminal_Limit
maclane:III.5:def1	PRESENT	-	-	Structure/Cartesian.v:121 Cartesian
maclane:III.5:def2	PRESENT	-	-	Structure/Monoidal/Relevance.v:50 diagonal
maclane:III.5:def3	PRESENT	-	-	Structure/ZeroObject.v:35 ZeroObject
maclane:III.5:ex1	PRESENT	-	-	Structure/Monoidal/Relevance.v:53 diagonal_natural
maclane:III.5:ex2	PRESENT	-	-	Structure/Monoidal.v:162 triangle_identity / pentagon_identity
maclane:III.6:def1	PRESENT	-	-	Structure/Monoid.v:124 MonoidObject
maclane:III.6:def2	PRESENT	-	-	Structure/Group.v:109 GroupObject
maclane:III.7:def1	PRESENT	-	-	Theory/Sheaf.v:124 Presheaf
maclane:IV.1:thm2	PARTIAL	#347	4	MacLane IV.1: Determination of an adjunction by its counit and by couniversal arrows
maclane:IV.1:cor2	PARTIAL	#348	4	MacLane IV.1: A left adjoint exists exactly when the hom-functors are representable
maclane:IV.1:ex1	PARTIAL	#348	4	MacLane IV.1: A left adjoint exists exactly when the hom-functors are representable
maclane:IV.1:thm3	ABSENT	#349	4	MacLane IV.1: Adjoints of additive functors are additive
maclane:IV.1:ex4	ABSENT	#350	4	MacLane IV.1: Paré's criterion — a left adjoint from a split idempotent
maclane:IV.1:construction5	PARTIAL	#351	4	MacLane IV.1: Coproducts as the left adjoint of the diagonal functor
maclane:IV.2:def1	ABSENT	#352	4	MacLane IV.2: Connected categories
maclane:IV.2:construction2	PARTIAL	#353	4	MacLane IV.2: Limits and colimits as adjoints of the diagonal functor
maclane:IV.2:ex6	ABSENT	#354	4	MacLane IV.2: Units and counits of the equalizer, coequalizer, pullback and pushout adjunctions
maclane:IV.2:ex7	ABSENT	#355	4	MacLane IV.2: Limits over a disjoint union of index categories, and connected components
maclane:IV.2:ex8	ABSENT	#356	4	MacLane IV.2: Limits and colimits of a constant functor over a connected index category
maclane:IV.2:ex9	PARTIAL	#357	4	MacLane IV.2: The adjoint string on the objects functor of Cat
maclane:IV.2:def2	PARTIAL	#358	4	MacLane IV.2: Functors adjoint on the right
maclane:IV.2:construction3	PARTIAL	#359	4	MacLane IV.2: The dual-object functor is adjoint to itself on the right
maclane:IV.2:ex2	ABSENT	#360	4	MacLane IV.2: The forgetful functor from R-modules to abelian groups has both adjoints
maclane:IV.2:ex3	ABSENT	#361	4	MacLane IV.2: The universal enveloping algebra is left adjoint to the commutator functor
maclane:IV.2:ex4	ABSENT	#362	4	MacLane IV.2: Adjoining an identity to a ring as a left adjoint
maclane:IV.2:ex5	ABSENT	#363	4	MacLane IV.2: A monoid is a group exactly when its translations have adjoints
maclane:IV.2:ex10	ABSENT	#364	4	MacLane IV.2: The cokernel-pair functor is left adjoint to the equalizer functor
maclane:IV.2:ex11	ABSENT	#365	4	MacLane IV.2: A left adjoint to the coslice projection
maclane:IV.2:ex12	ABSENT	#366	4	MacLane IV.2: Copowers and powers as an adjunction with a parameter
maclane:IV.7:ex1	ABSENT	#366	4	MacLane IV.2: Copowers and powers as an adjunction with a parameter
maclane:IV.3:thm1	PARTIAL	#367	4	MacLane IV.3: Fullness and faithfulness of a right adjoint through its counit
maclane:IV.3:lem1	ABSENT	#367	4	MacLane IV.3: Fullness and faithfulness of a right adjoint through its counit
maclane:IV.3:ex5	PARTIAL	#367	4	MacLane IV.3: Fullness and faithfulness of a right adjoint through its counit
maclane:IV.3:ex3	ABSENT	#368	4	MacLane IV.3: Fullness of an adjoint and invertibility of the unit-counit composites
maclane:IV.3:ex6	PARTIAL	#368	4	MacLane IV.3: Fullness of an adjoint and invertibility of the unit-counit composites
maclane:IV.3:remark1	ABSENT	#369	4	MacLane IV.3: Monomorphisms and epimorphisms in a functor category are pointwise
maclane:IV.3:construction1	ABSENT	#370	4	MacLane IV.3: Concrete reflective and coreflective subcategories
maclane:IV.3:ex2	ABSENT	#371	4	MacLane IV.3: Torsion-free abelian groups form a reflective subcategory
maclane:IV.3:ex4	ABSENT	#372	4	MacLane IV.3: Posets are reflective in preorders, and T0-spaces in Top
maclane:IV.3:ex7	ABSENT	#373	4	MacLane IV.3: A full reflective subcategory inherits limits
maclane:IV.4:def3	PARTIAL	#374	4	MacLane IV.4: Skeletons and skeletal categories
maclane:IV.4:remark1	ABSENT	#374	4	MacLane IV.4: Skeletons and skeletal categories
maclane:IV.4:ex1	ABSENT	#374	4	MacLane IV.4: Skeletons and skeletal categories
maclane:IV.4:prop2	PARTIAL	#375	4	MacLane IV.4: An isomorphism-dense full subcategory is reflective
maclane:IV.4:def-left-adjoint-left-inverse	ABSENT	#376	4	MacLane IV.4: Left-adjoint-left-inverses and their characterization
maclane:IV.4:ex4	ABSENT	#376	4	MacLane IV.4: Left-adjoint-left-inverses and their characterization
maclane:IV.4:ex3	PARTIAL	#377	4	MacLane IV.4: A full, faithful, surjective-on-objects functor has a left-adjoint-right-inverse
maclane:IV.4:ex5	ABSENT	#378	4	MacLane IV.4: The colimit functor as a left-adjoint-left-inverse of the diagonal
maclane:IV.4:ex2	PARTIAL	#379	4	MacLane IV.4: Adjoint equivalences compose
maclane:IV.5:def1	PARTIAL	#380	4	MacLane IV.5: Galois connections are adjunctions between preorders
maclane:IV.5:thm1	ABSENT	#380	4	MacLane IV.5: Galois connections are adjunctions between preorders
maclane:IV.5:construction1	ABSENT	#381	4	MacLane IV.5: The Galois connection of a group acting on a set
maclane:IV.5:construction2	ABSENT	#382	4	MacLane IV.5: The powerset preorder and the direct-image/inverse-image adjunction
maclane:IV.5:construction3	PARTIAL	#383	4	MacLane IV.5: Boolean connectives as adjoints on a powerset
maclane:IV.5:construction4	ABSENT	#384	4	MacLane IV.5: Quantifiers as adjoints to substitution
maclane:IV.5:ex1	ABSENT	#385	4	MacLane IV.5: The orthogonal complement as a Galois connection
maclane:IV.5:ex2	PARTIAL	#386	4	MacLane IV.5: Closed elements of a Galois connection and the fixed points of an adjunction
maclane:IV.5:ex3	PARTIAL	#387	4	MacLane IV.5: Base change is right adjoint to composition on slices
maclane:IV.1:construction4	PARTIAL	#388	4	MacLane IV.6: The tensor-hom adjunction for modules
maclane:IV.6:construction1	PARTIAL	#388	4	MacLane IV.6: The tensor-hom adjunction for modules
maclane:IV.6:ex1	PARTIAL	#389	4	MacLane IV.6: Powerset lattices and Boolean algebras are cartesian closed
maclane:IV.6:ex2	PARTIAL	#390	4	MacLane IV.6: The entailment preorder of a theory is cartesian closed
maclane:IV.6:ex4	ABSENT	#391	4	MacLane IV.6: Internal composition in a cartesian closed category
maclane:IV.6:ex5	ABSENT	#392	4	MacLane IV.6: Cartesian closure is not inherited by functor categories
maclane:IV.7:def1	ABSENT	#393	4	MacLane IV.7: Maps of adjunctions
maclane:IV.7:prop1	ABSENT	#393	4	MacLane IV.7: Maps of adjunctions
maclane:IV.7:def2	PARTIAL	#394	4	MacLane IV.7: Conjugate natural transformations and the four characterizations of conjugacy
maclane:IV.7:thm2	PARTIAL	#394	4	MacLane IV.7: Conjugate natural transformations and the four characterizations of conjugacy
maclane:IV.7:construction1	PARTIAL	#395	4	MacLane IV.7: The category of adjunctions and conjugate pairs
maclane:IV.7:thm3	ABSENT	#396	4	MacLane IV.7: Adjunctions with a parameter
maclane:IV.7:remark1	PARTIAL	#396	4	MacLane IV.7: Adjunctions with a parameter
maclane:IV.7:ex2	ABSENT	#396	4	MacLane IV.7: Adjunctions with a parameter
maclane:IV.7:ex3	ABSENT	#397	4	MacLane IV.7: Choosing right adjoints functorially
maclane:IV.7:ex4	PARTIAL	#398	4	MacLane IV.7: Adjoint squares and the Palmquist mates bijection
maclane:IV.7:ex5	PARTIAL	#398	4	MacLane IV.7: Adjoint squares and the Palmquist mates bijection
maclane:IV.8:thm2	ABSENT	#399	4	MacLane IV.8: Horizontal composition of conjugate pairs makes Adj two-dimensional
maclane:IV.8:ex1	ABSENT	#399	4	MacLane IV.8: Horizontal composition of conjugate pairs makes Adj two-dimensional
maclane:IV.8:remark1	PARTIAL	#399	4	MacLane IV.8: Horizontal composition of conjugate pairs makes Adj two-dimensional
maclane:IV.8:ex2	ABSENT	#400	4	MacLane IV.8: The free-ring adjunction as a composite in two ways
maclane:IV.8:ex3	ABSENT	#401	4	MacLane IV.8: Bimodule tensor adjunctions and their composites
maclane:IV.9:construction1	PARTIAL	#402	4	MacLane IV.9: A subobject classifier for the category of sets
maclane:IV.9:construction2	ABSENT	#403	4	MacLane IV.9: Subobject classifiers for functor categories
maclane:IV.9:remark1	ABSENT	#403	4	MacLane IV.9: Subobject classifiers for functor categories
maclane:IV.10:remark1	PARTIAL	#404	4	MacLane IV.10: Sets and presheaf categories as elementary toposes
maclane:IV.10:remark2	ABSENT	#405	4	MacLane IV.10: Every elementary topos has finite colimits
maclane:IV.1:construction1	ABSENT	#305	4	also covered by existing issue
maclane:IV.1:construction3	PARTIAL	#239	4	also covered by existing issue
maclane:IV.2:construction1	PARTIAL	#312	4	also covered by existing issue
maclane:IV.2:ex1	ABSENT	#310	4	also covered by existing issue
maclane:IV.3:ex1	PARTIAL	#266	4	also covered by existing issue
maclane:IV.10:def1	PRESENT	-	-	Structure/Topos.v:112 ElementaryTopos
maclane:IV.10:def2	PRESENT	-	-	Theory/Sheaf.v:124 Presheaf
maclane:IV.1:construction2	PRESENT	-	-	Construction/Free/Quiver.v:550 FreeForgetfulAdjunction
maclane:IV.1:cor1	PRESENT	-	-	Theory/Adjunction.v:404 left_adjoint_iso
maclane:IV.1:def1	PRESENT	-	-	Theory/Adjunction.v:130 Adjunction
maclane:IV.1:def2	PRESENT	-	-	Theory/Adjunction.v:141 to_adj_nat_l / to_adj_nat_r
maclane:IV.1:ex2	PRESENT	-	-	Construction/Comma/Adjunction.v:904 Adjunction_Comma
maclane:IV.1:ex3	PRESENT	-	-	Adjunction/Diagonal/Product.v:36 Diagonal_Product_Adjunction
maclane:IV.1:thm1	PRESENT	-	-	Theory/Adjunction.v:214 unit / counit
maclane:IV.3:def1	PRESENT	-	-	Construction/Reflective.v:60 Reflective
maclane:IV.3:def2	PRESENT	-	-	Construction/Reflective.v:85 Coreflective
maclane:IV.3:remark2	PRESENT	-	-	Construction/Reflective.v:92 reflective_counit_iso
maclane:IV.4:def1	PRESENT	-	-	Instance/StrictCat.v:56 StrictCat
maclane:IV.4:def2	PRESENT	-	-	Theory/Equivalence.v:151 EquivalenceOfCategories
maclane:IV.4:def4	PRESENT	-	-	Theory/Equivalence/Adjoint.v:69 AdjointEquivalence
maclane:IV.4:remark-duality-examples	OUT_OF_SCOPE	-	-	OOS: The remark's mathematical content is two functional-analysis duality theorems re
maclane:IV.4:thm1	PRESENT	-	-	Theory/Equivalence/FullFaithful.v:160 FF_ESO_Equivalence
maclane:IV.6:def1	PRESENT	-	-	Structure/Cartesian/Closed.v:43 Closed
maclane:IV.6:def2	PRESENT	-	-	Structure/Cartesian/Closed.v:75 eval
maclane:IV.6:ex3	PRESENT	-	-	Structure/Cartesian/Closed.v:389 exp_one
maclane:IV.6:remark1	PRESENT	-	-	Instance/Sets/Cartesian/Closed.v:38 Sets_Closed
maclane:IV.6:remark2	PRESENT	-	-	Instance/Cat/Cartesian/Closed.v:47 Cat_Closed
maclane:IV.8:construction1	PRESENT	-	-	Instance/Adjoints.v:133 Adjoints
maclane:IV.8:thm1	PRESENT	-	-	Adjunction/Compose.v:173 Adjunction_Compose
maclane:IV.9:def1	PRESENT	-	-	Structure/SubobjectClassifier.v:44 SubobjectClassifier
maclane:V.1:def3	PARTIAL	#406	4	MacLane V.1: Creation of limits by a functor
maclane:V.4:thm2	ABSENT	#406	4	MacLane V.1: Creation of limits by a functor
maclane:V.1:thm1	PARTIAL	#407	4	MacLane V.1: Completeness of Sets by cone sets
maclane:V.1:remark1	PARTIAL	#407	4	MacLane V.1: Completeness of Sets by cone sets
maclane:V.1:construction1	PARTIAL	#408	4	MacLane V.1: Inverse limits of towers of sets
maclane:V.1:construction2	ABSENT	#409	4	MacLane V.1: The p-adic integers and formal power series as inverse limits of rings
maclane:V.1:ex6	ABSENT	#409	4	MacLane V.1: The p-adic integers and formal power series as inverse limits of rings
maclane:V.1:ex7	ABSENT	#409	4	MacLane V.1: The p-adic integers and formal power series as inverse limits of rings
maclane:V.1:construction3	ABSENT	#410	4	MacLane V.1: The p-adic solenoid as a limit in Top
maclane:V.1:thm2	ABSENT	#411	4	MacLane V.1: The forgetful functor of Grp lifts and creates limits
maclane:V.1:thm3	ABSENT	#411	4	MacLane V.1: The forgetful functor of Grp lifts and creates limits
maclane:V.1:ex3	ABSENT	#412	4	MacLane V.1: The arrow-category projection creates limits
maclane:V.1:ex2	ABSENT	#413	4	MacLane V.1: Compact Hausdorff spaces and the creation of limits
maclane:V.1:ex5	PARTIAL	#414	4	MacLane V.1: Cat is small-complete
maclane:V.1:ex4	PARTIAL	#415	4	MacLane V.1: FinSet is finitely complete
maclane:V.2:thm1	ABSENT	#416	4	MacLane V.2: Limits from products and equalizers
maclane:V.2:thm2	ABSENT	#416	4	MacLane V.2: Limits from products and equalizers
maclane:V.2:cor2	ABSENT	#416	4	MacLane V.2: Limits from products and equalizers
maclane:V.4:ex2	ABSENT	#416	4	MacLane V.2: Limits from products and equalizers
maclane:V.2:def1	PARTIAL	#417	4	MacLane V.2: Finite index categories and finite limits
maclane:V.2:cor1	ABSENT	#417	4	MacLane V.2: Finite index categories and finite limits
maclane:V.2:ex2	PARTIAL	#418	4	MacLane V.2: Completeness of a product category
maclane:V.2:ex4	PARTIAL	#419	4	MacLane V.2: The canonical comparison arrow for limits of composites
maclane:V.4:ex5	PARTIAL	#419	4	MacLane V.2: The canonical comparison arrow for limits of composites
maclane:V.2:ex5	ABSENT	#420	4	MacLane V.2: Limit as a functor on the category of diagrams
maclane:V.2:ex1	ABSENT	#421	4	MacLane V.2: Manes' criterion for completeness
maclane:V.2:remark1	PARTIAL	#422	4	MacLane V.2: Products in a preorder are greatest lower bounds
maclane:V.2:prop3	ABSENT	#423	4	MacLane V.2: A small small-complete category is a preorder (Freyd)
maclane:V.3:construction1	PARTIAL	#424	4	MacLane V.3: The evaluation functor on a functor category
maclane:V.3:thm1	PARTIAL	#425	4	MacLane V.3: Pointwise limits in a functor category
maclane:V.3:cor1	PARTIAL	#425	4	MacLane V.3: Pointwise limits in a functor category
maclane:V.3:thm2	ABSENT	#426	4	MacLane V.3: Pointwise limits as creation along the discrete inclusion
maclane:V.4:def1	PARTIAL	#427	4	MacLane V.4: Cone-level preservation of limits and continuous functors
maclane:V.4:ex1	ABSENT	#427	4	MacLane V.4: Cone-level preservation of limits and continuous functors
maclane:V.4:thm1	PARTIAL	#428	4	MacLane V.4: Hom-functors are continuous
maclane:V.4:remark1	ABSENT	#428	4	MacLane V.4: Hom-functors are continuous
maclane:V.4:remark2	PARTIAL	#428	4	MacLane V.4: Hom-functors are continuous
maclane:V.4:remark3	PARTIAL	#428	4	MacLane V.4: Hom-functors are continuous
maclane:V.4:def3	ABSENT	#429	4	MacLane V.4: Projective and injective objects
maclane:V.4:def4	ABSENT	#429	4	MacLane V.4: Projective and injective objects
maclane:V.4:ex3	ABSENT	#430	4	MacLane V.4: The free abelian group functor is not continuous
maclane:V.5:construction1	PARTIAL	#431	4	MacLane V.5: Adjunctions and limits in functor categories
maclane:V.5:remark1	PARTIAL	#431	4	MacLane V.5: Adjunctions and limits in functor categories
maclane:V.5:ex1	ABSENT	#432	4	MacLane V.5: Non-existence of adjoints in Set and Set^op
maclane:V.5:ex4	ABSENT	#432	4	MacLane V.5: Non-existence of adjoints in Set and Set^op
maclane:V.5:ex2	ABSENT	#433	4	MacLane V.5: The vector-space dual functor has no right adjoint
maclane:V.5:ex3	ABSENT	#434	4	MacLane V.5: A full reflective subcategory of a cocomplete category is cocomplete
maclane:V.6:thm1	PARTIAL	#435	4	MacLane V.6: The initial-object theorem as a characterization
maclane:V.6:thm2	PARTIAL	#436	4	MacLane V.6: The Freyd adjoint functor theorem as a characterization
maclane:V.6:thm3	ABSENT	#437	4	MacLane V.6: The representability theorem
maclane:V.6:def3	PARTIAL	#437	4	MacLane V.6: The representability theorem
maclane:V.8:ex1	ABSENT	#437	4	MacLane V.6: The representability theorem
maclane:V.6:lem1	PARTIAL	#438	4	MacLane V.6: The comma projection creates limits
maclane:V.6:ex1	PARTIAL	#438	4	MacLane V.6: The comma projection creates limits
maclane:V.1:ex1	PARTIAL	#438	4	MacLane V.6: The comma projection creates limits
maclane:V.6:ex3	ABSENT	#439	4	MacLane V.6: Creation of limits is stable under pullback in Cat
maclane:V.6:ex4	PARTIAL	#439	4	MacLane V.6: Creation of limits is stable under pullback in Cat
maclane:V.6:construction-variety	PARTIAL	#440	4	MacLane V.6: The category of algebras of a variety
maclane:V.6:def-derived-operator	PARTIAL	#440	4	MacLane V.6: The category of algebras of a variety
maclane:V.6:construction-free-algebra	PARTIAL	#441	4	MacLane V.6: The free-algebra adjunction for a variety
maclane:V.6:construction-free-group	ABSENT	#442	4	MacLane V.6: The free group functor via the adjoint functor theorem
maclane:V.6:ex2	PARTIAL	#443	4	MacLane V.6: Left adjoints to forgetful functors by the adjoint functor theorem
maclane:V.6:remark-ord-counterexample	ABSENT	#444	4	MacLane V.6: The solution set condition is necessary (counterexamples)
maclane:V.6:remark-comp-bool	ABSENT	#444	4	MacLane V.6: The solution set condition is necessary (counterexamples)
maclane:V.7:def2	PARTIAL	#445	4	MacLane V.7: Intersections and unions of subobjects
maclane:V.7:def3	PARTIAL	#446	4	MacLane V.7: Quotient objects
maclane:V.7:def4	PARTIAL	#447	4	MacLane V.7: Generating (separating) sets of objects
maclane:V.7:def6	ABSENT	#448	4	MacLane V.7: Spanning arrows and solution sets from subobject intersections
maclane:V.7:lem2	ABSENT	#448	4	MacLane V.7: Spanning arrows and solution sets from subobject intersections
maclane:V.7:remark1	ABSENT	#448	4	MacLane V.7: Spanning arrows and solution sets from subobject intersections
maclane:V.7:construction1	ABSENT	#449	4	MacLane V.7: Tensor products of modules via the adjoint functor theorem
maclane:V.7:ex3	ABSENT	#449	4	MacLane V.7: Tensor products of modules via the adjoint functor theorem
maclane:V.7:ex1	ABSENT	#450	4	MacLane V.7: Colimits in algebraic categories via the adjoint functor theorem
maclane:V.7:ex2	ABSENT	#450	4	MacLane V.7: Colimits in algebraic categories via the adjoint functor theorem
maclane:V.7:ex4	ABSENT	#450	4	MacLane V.7: Colimits in algebraic categories via the adjoint functor theorem
maclane:V.8:def1	PARTIAL	#451	4	MacLane V.8: Well-powered and co-well-powered categories
maclane:V.8:thm1	PARTIAL	#452	4	MacLane V.8: The special initial-object theorem
maclane:V.8:thm2	PARTIAL	#453	4	MacLane V.8: The special adjoint functor theorem as a characterization
maclane:V.8:lem1	ABSENT	#453	4	MacLane V.8: The special adjoint functor theorem as a characterization
maclane:V.8:cor1	PARTIAL	#453	4	MacLane V.8: The special adjoint functor theorem as a characterization
maclane:V.8:thm-watt	ABSENT	#454	4	MacLane V.8: Watt's theorem on representable additive functors
maclane:V.8:ex2	ABSENT	#454	4	MacLane V.8: Watt's theorem on representable additive functors
maclane:V.8:ex3	ABSENT	#454	4	MacLane V.8: Watt's theorem on representable additive functors
maclane:V.6:construction-stone-cech-discrete	ABSENT	#455	4	MacLane V.6/V.8: The Stone-Cech compactification via the adjoint functor theorems
maclane:V.8:construction1	ABSENT	#455	4	MacLane V.6/V.8: The Stone-Cech compactification via the adjoint functor theorems
maclane:V.8:ex4	ABSENT	#455	4	MacLane V.6/V.8: The Stone-Cech compactification via the adjoint functor theorems
maclane:V.9:construction1	ABSENT	#456	4	MacLane V.9: The underlying-set functor of Top and its adjoint triple
maclane:V.9:ex2	ABSENT	#456	4	MacLane V.9: The underlying-set functor of Top and its adjoint triple
maclane:V.9:construction2	ABSENT	#457	4	MacLane V.9: Subspace and quotient topologies as sliced adjoint inverses
maclane:V.9:construction3	ABSENT	#457	4	MacLane V.9: Subspace and quotient topologies as sliced adjoint inverses
maclane:V.9:prop1	ABSENT	#457	4	MacLane V.9: Subspace and quotient topologies as sliced adjoint inverses
maclane:V.9:remark1	ABSENT	#458	4	MacLane V.9: Top is complete and cocomplete
maclane:V.9:remark2	ABSENT	#458	4	MacLane V.9: Top is complete and cocomplete
maclane:V.9:ex3	ABSENT	#458	4	MacLane V.9: Top is complete and cocomplete
maclane:V.9:construction5	ABSENT	#459	4	MacLane V.9: Collapsing a subset and the category of pairs
maclane:V.9:construction6	ABSENT	#459	4	MacLane V.9: Collapsing a subset and the category of pairs
maclane:V.9:construction4	PARTIAL	#460	4	MacLane V.9: Gluing along an open cover and the sheaf condition
maclane:V.9:prop2	ABSENT	#461	4	MacLane V.9: Hausdorff spaces, reflection, and the separation axioms
maclane:V.9:ex4	ABSENT	#461	4	MacLane V.9: Hausdorff spaces, reflection, and the separation axioms
maclane:V.9:ex5	ABSENT	#461	4	MacLane V.9: Hausdorff spaces, reflection, and the separation axioms
maclane:V.9:ex1	ABSENT	#462	4	MacLane V.9: The connected-components functor
maclane:V.1:ex8	PARTIAL	#329	4	also covered by existing issue
maclane:V.2:ex3	ABSENT	#353	4	also covered by existing issue
maclane:V.4:ex4	PARTIAL	#239	4	also covered by existing issue
maclane:V.1:def1	PRESENT	-	-	Structure/Complete.v:115 Complete
maclane:V.1:def2	PRESENT	-	-	Instance/Omega.v:72 Omega
maclane:V.4:def2	PRESENT	-	-	Construction/Comma/Limit.v:110 PreservesImageLimit
maclane:V.5:cor1	PRESENT	-	-	Adjunction/Continuity.v:217 left_adjoint_preserves_colimit
maclane:V.5:thm1	PRESENT	-	-	Adjunction/Continuity.v:183 rapl_is_alimit
maclane:V.6:def-algebraic-type	PRESENT	-	-	Instance/Comp.v:45 OpSignature
maclane:V.6:def-omega-e-algebra	PRESENT	-	-	Instance/Comp.v:46 OpSignature
maclane:V.6:def1	PRESENT	-	-	Theory/WeaklyInitial.v:58 WeaklyInitialFamily
maclane:V.6:def2	PRESENT	-	-	Adjunction/GAFT.v:159 SolutionSet
maclane:V.7:def1	PRESENT	-	-	Theory/Subobject.v:15 SubObj
maclane:V.7:def5	PRESENT	-	-	Adjunction/SAFT.v:99 Cogenerator
maclane:V.7:lem1	PRESENT	-	-	Theory/Morphisms/Stability.v:226 monic_pullback_stable
maclane:VI.1:remark2	PARTIAL	#463	4	MacLane VI.1: Monads on a preorder are closure operators, and their algebras are the closed elements
maclane:VI.2:remark1	PARTIAL	#463	4	MacLane VI.1: Monads on a preorder are closure operators, and their algebras are the closed elements
maclane:VI.2:remark2	ABSENT	#464	4	MacLane VI.2: The group-action monad G×(−) and its algebras are G-sets
maclane:VI.2:remark3	ABSENT	#465	4	MacLane VI.2: The monad R⊗(−) on Ab and its algebras are left R-modules
maclane:VI.2:ex1	ABSENT	#466	4	MacLane VI.2: The power-set monad and complete semilattices (Manes)
maclane:VI.2:ex2	ABSENT	#467	4	MacLane VI.2: The Eilenberg–Moore forgetful functor creates limits
maclane:VI.2:ex3	PARTIAL	#468	4	MacLane VI.2: Morphisms of monads, the category of monads, and the induced functor between algebra categories
maclane:VI.3:remark1	ABSENT	#469	4	MacLane VI.3: The discrete-space adjunction induces the identity monad — a non-monadic example
maclane:VI.4:construction1	ABSENT	#470	4	MacLane VI.4: The word monad, the free-semigroup adjunction, and monadicity of semigroups over Set
maclane:VI.4:prop1	PARTIAL	#470	4	MacLane VI.4: The word monad, the free-semigroup adjunction, and monadicity of semigroups over Set
maclane:VI.4:prop2	ABSENT	#470	4	MacLane VI.4: The word monad, the free-semigroup adjunction, and monadicity of semigroups over Set
maclane:VI.4:cor1	ABSENT	#470	4	MacLane VI.4: The word monad, the free-semigroup adjunction, and monadicity of semigroups over Set
maclane:VI.4:remark1	ABSENT	#470	4	MacLane VI.4: The word monad, the free-semigroup adjunction, and monadicity of semigroups over Set
maclane:VI.4:ex1	PARTIAL	#471	4	MacLane VI.4: The monoid monad W₀ and monoids as its algebras
maclane:VI.4:ex2	ABSENT	#472	4	MacLane VI.4: The free R-module monad on Set and R-modules as its algebras
maclane:VI.4:ex3	ABSENT	#473	4	MacLane VI.4: The polynomial-ring monad from CRng
maclane:VI.4:ex4	ABSENT	#474	4	MacLane VI.4: The tensor-algebra monad on Ab and rings as its algebras
maclane:VI.5:construction1	ABSENT	#475	4	MacLane VI.5: The Kleisli comparison functor and the free-object subcategory
maclane:VI.5:thm2	ABSENT	#475	4	MacLane VI.5: The Kleisli comparison functor and the free-object subcategory
maclane:VI.5:ex1	ABSENT	#475	4	MacLane VI.5: The Kleisli comparison functor and the free-object subcategory
maclane:VI.5:ex2	ABSENT	#475	4	MacLane VI.5: The Kleisli comparison functor and the free-object subcategory
maclane:VI.5:ex3	ABSENT	#475	4	MacLane VI.5: The Kleisli comparison functor and the free-object subcategory
maclane:VI.5:thm3	ABSENT	#476	4	MacLane VI.5: The category of resolutions of a monad — Kleisli initial, Eilenberg–Moore terminal
maclane:VI.5:ex4	ABSENT	#476	4	MacLane VI.5: The category of resolutions of a monad — Kleisli initial, Eilenberg–Moore terminal
maclane:VI.5:ex5	ABSENT	#476	4	MacLane VI.5: The category of resolutions of a monad — Kleisli initial, Eilenberg–Moore terminal
maclane:VI.6:def2	PARTIAL	#477	4	MacLane VI.6: The absolute-coequalizer (absolute-colimit) predicate
maclane:VI.6:remark1	ABSENT	#478	4	MacLane VI.6: The dom/cod fork in Cat and its splitting by a terminal object
maclane:VI.6:remark2	ABSENT	#479	4	MacLane VI.6: Algebraic quotients as coequalizers split under the forgetful functor (groups and rings)
maclane:VI.6:ex1	ABSENT	#479	4	MacLane VI.6: Algebraic quotients as coequalizers split under the forgetful functor (groups and rings)
maclane:VI.6:ex2	ABSENT	#480	4	MacLane VI.6: Contractible (Beck) parallel pairs
maclane:VI.7:def2	PARTIAL	#481	4	MacLane VI.7: Reflection of coequalizers — definition, and from creation or from preservation+conservativity
maclane:VI.7:ex1	PARTIAL	#481	4	MacLane VI.7: Reflection of coequalizers — definition, and from creation or from preservation+conservativity
maclane:VI.7:ex3	ABSENT	#481	4	MacLane VI.7: Reflection of coequalizers — definition, and from creation or from preservation+conservativity
maclane:VI.7:def1	PARTIAL	#482	4	MacLane VI.7: Comparison of adjunctions defining the same monad (definition and uniqueness)
maclane:VI.7:lem1	PARTIAL	#482	4	MacLane VI.7: Comparison of adjunctions defining the same monad (definition and uniqueness)
maclane:VI.7:ex2	PARTIAL	#483	4	MacLane VI.7: The graded weak and precise tripleability construction (left adjoint to K, unit/counit isos, algebra presentation)
maclane:VI.7:ex4	PARTIAL	#483	4	MacLane VI.7: The graded weak and precise tripleability construction (left adjoint to K, unit/counit isos, algebra presentation)
maclane:VI.7:ex5	PARTIAL	#483	4	MacLane VI.7: The graded weak and precise tripleability construction (left adjoint to K, unit/counit isos, algebra presentation)
maclane:VI.7:thm1	PARTIAL	#484	4	MacLane VI.7: Complete Beck's monadicity theorem (isomorphism conclusion, absolute-coequalizer condition, general converse)
maclane:VI.7:ex6	PARTIAL	#484	4	MacLane VI.7: Complete Beck's monadicity theorem (isomorphism conclusion, absolute-coequalizer condition, general converse)
maclane:VI.7:def3	PARTIAL	#485	4	MacLane VI.7: The CTT/VTT/PTT tripleability predicates and their monadicity theorems
maclane:VI.7:ex7	PARTIAL	#485	4	MacLane VI.7: The CTT/VTT/PTT tripleability predicates and their monadicity theorems
maclane:VI.7:ex8	ABSENT	#485	4	MacLane VI.7: The CTT/VTT/PTT tripleability predicates and their monadicity theorems
maclane:VI.7:ex9	ABSENT	#486	4	MacLane VI.7: Tripleability is closed under composition (CTT/VTT/PTT composites)
maclane:VI.7:ex10	ABSENT	#486	4	MacLane VI.7: Tripleability is closed under composition (CTT/VTT/PTT composites)
maclane:VI.7:ex11	ABSENT	#486	4	MacLane VI.7: Tripleability is closed under composition (CTT/VTT/PTT composites)
maclane:VI.8:thm1	PARTIAL	#487	4	MacLane VI.8: Algebras of a variety are T-algebras (equational categories are monadic over Set)
maclane:VI.8:ex1	PARTIAL	#487	4	MacLane VI.8: Algebras of a variety are T-algebras (equational categories are monadic over Set)
maclane:VI.8:ex2	ABSENT	#488	4	MacLane VI.8: Beck's theorem for K-Alg over K-Mod
maclane:VI.9:thm1	ABSENT	#489	4	MacLane VI.9: Compact Hausdorff spaces are monadic over Set (the ultrafilter monad)
maclane:VI.9:def1	ABSENT	#489	4	MacLane VI.9: Compact Hausdorff spaces are monadic over Set (the ultrafilter monad)
maclane:VI.9:lem1	ABSENT	#489	4	MacLane VI.9: Compact Hausdorff spaces are monadic over Set (the ultrafilter monad)
maclane:VI.9:ex1	ABSENT	#489	4	MacLane VI.9: Compact Hausdorff spaces are monadic over Set (the ultrafilter monad)
maclane:VI.1:construction1	PRESENT	-	-	Monad/Adjunction.v:48 Adjunction_Monad
maclane:VI.1:construction2	PRESENT	-	-	Comonad/Duality.v:170 Adjunction_Comonad
maclane:VI.1:def1	PRESENT	-	-	Theory/Monad.v:92 Monad
maclane:VI.1:def2	PRESENT	-	-	Theory/Monad.v:144 Comonad
maclane:VI.1:remark1	PRESENT	-	-	Monad/Monoid.v:40 Monoid_Monad
maclane:VI.2:def1	PRESENT	-	-	Monad/Algebra.v:24 TAlgebra
maclane:VI.2:thm1	PRESENT	-	-	Monad/Eilenberg/Moore.v:44 EilenbergMoore
maclane:VI.3:def1	PRESENT	-	-	Monad/Comparison.v:273 Monadic
maclane:VI.3:thm1	PRESENT	-	-	Monad/Comparison.v:186 EM_Comparison
maclane:VI.5:thm1	PRESENT	-	-	Monad/Kleisli.v:38 Kleisli
maclane:VI.6:cor1	PRESENT	-	-	Structure/Coequalizer/Split.v:132 split_coequalizer_preserved
maclane:VI.6:def1	PRESENT	-	-	Structure/Coequalizer.v:55 IsCoequalizer.cofork
maclane:VI.6:def3	PRESENT	-	-	Structure/Coequalizer/Split.v:40 SplitCoequalizer
maclane:VI.6:def4	PRESENT	-	-	Structure/Coequalizer/Split.v:40 SplitCoequalizer
maclane:VI.6:lem1	PRESENT	-	-	Structure/Coequalizer/Split.v:90 split_coequalizer_is_coequalizer
maclane:VI.7:construction1	PRESENT	-	-	Monad/Monadicity/Crude.v:492 crude_unit_cofork
maclane:VII.1:construction1	PARTIAL	#490	4	MacLane VII.1: Cocartesian monoidal structure from finite coproducts
maclane:VII.1:construction2	PARTIAL	#491	4	MacLane VII.1: Moncat, the category of monoidal categories, and its finite products
maclane:VII.1:ex2	PARTIAL	#491	4	MacLane VII.1: Moncat, the category of monoidal categories, and its finite products
maclane:VII.1:ex4	PARTIAL	#492	4	MacLane VII.1: The pointwise monoidal structure on a functor category and the exponential law
maclane:VII.1:ex5	PARTIAL	#493	4	MacLane VII.1: One-object strict monoidal categories and the Eckmann–Hilton interchange
maclane:VII.1:ex6	ABSENT	#494	4	MacLane VII.1: Independence of the pentagon and triangle axioms
maclane:VII.1:remark2	ABSENT	#495	4	MacLane VII.1: Isbell's argument against strictifying by identifying isomorphic objects
maclane:VII.2:def1	ABSENT	#496	4	MacLane VII.2: The free monoidal category on one generator
maclane:VII.2:construction1	ABSENT	#496	4	MacLane VII.2: The free monoidal category on one generator
maclane:VII.2:thm1	ABSENT	#496	4	MacLane VII.2: The free monoidal category on one generator
maclane:VII.2:cor1	ABSENT	#497	4	MacLane VII.2: The coherence theorem for monoidal categories
maclane:VII.2:ex3	ABSENT	#498	4	MacLane VII.2: The free monoidal category on a set
maclane:VII.2:ex1	ABSENT	#499	4	MacLane VII.2: The associahedron of canonical maps
maclane:VII.2:ex2	ABSENT	#499	4	MacLane VII.2: The associahedron of canonical maps
maclane:VII.3:remark1	PARTIAL	#500	4	MacLane VII.3: Monoids in a monoidal category recover the classical algebraic structures
maclane:VII.3:prop1	ABSENT	#501	4	MacLane VII.3: The general associative law and coherence for monoids
maclane:VII.3:ex2	ABSENT	#501	4	MacLane VII.3: The general associative law and coherence for monoids
maclane:VII.3:thm2	ABSENT	#502	4	MacLane VII.3: Construction of free monoids as coproducts of tensor powers
maclane:VII.3:ex1	PARTIAL	#503	4	MacLane VII.3: Finite products in the category of monoids
maclane:VII.3:ex3	ABSENT	#504	4	MacLane VII.3: Substitution of words and the generalized associative law
maclane:VII.4:def1	ABSENT	#505	4	MacLane VII.4: Modules over a monoid object and the free/forgetful adjunction
maclane:VII.4:def2	ABSENT	#505	4	MacLane VII.4: Modules over a monoid object and the free/forgetful adjunction
maclane:VII.4:construction1	ABSENT	#505	4	MacLane VII.4: Modules over a monoid object and the free/forgetful adjunction
maclane:VII.4:def3	ABSENT	#505	4	MacLane VII.4: Modules over a monoid object and the free/forgetful adjunction
maclane:VII.4:ex4	ABSENT	#506	4	MacLane VII.4: Limits and colimits in the category of modules
maclane:VII.4:ex5	ABSENT	#506	4	MacLane VII.4: Limits and colimits in the category of modules
maclane:VII.4:ex6	ABSENT	#507	4	MacLane VII.4: The relative tensor product of a right module by a left module
maclane:VII.4:ex3	ABSENT	#508	4	MacLane VII.4: Comodules over a comonoid object
maclane:VII.4:ex7	ABSENT	#509	4	MacLane VII.4: Coherence for a module action
maclane:VII.4:ex1	PARTIAL	#510	4	MacLane VII.4: Actions of a monad on an endofunctor and liftings to the algebras
maclane:VII.4:ex2	ABSENT	#511	4	MacLane VII.4: A monoidal category acting on a category (actegories)
maclane:VII.5:construction1	ABSENT	#512	4	MacLane VII.5: The simplicial category Δ as the free strict monoidal category on a monoid
maclane:VII.5:remark-protean	ABSENT	#512	4	MacLane VII.5: The simplicial category Δ as the free strict monoidal category on a monoid
maclane:VII.5:prop1	ABSENT	#512	4	MacLane VII.5: The simplicial category Δ as the free strict monoidal category on a monoid
maclane:VII.5:construction2	ABSENT	#513	4	MacLane VII.5: The arrow calculus of Δ — factorization, generators and relations
maclane:VII.5:lem-normalform	ABSENT	#513	4	MacLane VII.5: The arrow calculus of Δ — factorization, generators and relations
maclane:VII.5:prop2	ABSENT	#513	4	MacLane VII.5: The arrow calculus of Δ — factorization, generators and relations
maclane:VII.5:ex1	ABSENT	#513	4	MacLane VII.5: The arrow calculus of Δ — factorization, generators and relations
maclane:VII.5:ex2	ABSENT	#513	4	MacLane VII.5: The arrow calculus of Δ — factorization, generators and relations
maclane:VII.5:ex3	ABSENT	#513	4	MacLane VII.5: The arrow calculus of Δ — factorization, generators and relations
maclane:VII.5:construction-geometric	ABSENT	#514	4	MacLane VII.5: The geometric-realization functor Δ → Top
maclane:VII.5:def-deltaplus	ABSENT	#515	4	MacLane VII.5: Simplicial sets and simplicial objects
maclane:VII.5:def-simplicialset	ABSENT	#515	4	MacLane VII.5: Simplicial sets and simplicial objects
maclane:VII.5:def-simplicialobject	ABSENT	#515	4	MacLane VII.5: Simplicial sets and simplicial objects
maclane:VII.5:def-augmented	ABSENT	#515	4	MacLane VII.5: Simplicial sets and simplicial objects
maclane:VII.5:ex4	ABSENT	#515	4	MacLane VII.5: Simplicial sets and simplicial objects
maclane:VII.5:construction-homology	ABSENT	#516	4	MacLane VII.5: Homology of a simplicial object and singular homology
maclane:VII.5:construction-singular	ABSENT	#516	4	MacLane VII.5: Homology of a simplicial object and singular homology
maclane:VII.6:remark-universal-comonoid	ABSENT	#517	4	MacLane VII.6: The simplicial bar construction and standard resolution of a comonad
maclane:VII.6:construction-smpl	ABSENT	#517	4	MacLane VII.6: The simplicial bar construction and standard resolution of a comonad
maclane:VII.6:construction-resolution	ABSENT	#517	4	MacLane VII.6: The simplicial bar construction and standard resolution of a comonad
maclane:VII.6:construction-monoidring	ABSENT	#518	4	MacLane VII.6: The monoid-ring functor and the group ring
maclane:VII.6:construction-freemodule	ABSENT	#519	4	MacLane VII.6: Group (co)homology via the bar resolution
maclane:VII.6:construction-barresolution	ABSENT	#519	4	MacLane VII.6: Group (co)homology via the bar resolution
maclane:VII.6:construction-groupcohomology	ABSENT	#519	4	MacLane VII.6: Group (co)homology via the bar resolution
maclane:VII.6:remark-grouphomology	ABSENT	#519	4	MacLane VII.6: Group (co)homology via the bar resolution
maclane:VII.7:remark-symmetric	PARTIAL	#520	4	MacLane VII.7: Coherence for symmetric monoidal categories, and product/coproduct as symmetric tensor
maclane:VII.8:construction-compactopen	ABSENT	#521	4	MacLane VII.8: The compact-open function space and the local-compactness exponential law
maclane:VII.8:def-compactlygenerated	ABSENT	#522	4	MacLane VII.8: Compactly generated Hausdorff spaces and the Kelleyfication coreflection
maclane:VII.8:construction-kelleyfication	ABSENT	#522	4	MacLane VII.8: Compactly generated Hausdorff spaces and the Kelleyfication coreflection
maclane:VII.8:prop1	ABSENT	#522	4	MacLane VII.8: Compactly generated Hausdorff spaces and the Kelleyfication coreflection
maclane:VII.8:prop2	ABSENT	#523	4	MacLane VII.8: CGHaus is complete and cocomplete
maclane:VII.8:thm3	ABSENT	#524	4	MacLane VII.8: CGHaus is cartesian closed
maclane:VII.8:ex1	ABSENT	#525	4	MacLane VII.8: Further properties of compactly generated spaces (exercises)
maclane:VII.8:ex2	ABSENT	#525	4	MacLane VII.8: Further properties of compactly generated spaces (exercises)
maclane:VII.8:ex3	ABSENT	#525	4	MacLane VII.8: Further properties of compactly generated spaces (exercises)
maclane:VII.8:ex4	ABSENT	#525	4	MacLane VII.8: Further properties of compactly generated spaces (exercises)
maclane:VII.8:ex5	ABSENT	#525	4	MacLane VII.8: Further properties of compactly generated spaces (exercises)
maclane:VII.9:def-pointed	PARTIAL	#526	4	MacLane VII.9: The category of pointed objects and the pointed function space
maclane:VII.9:def-smash	ABSENT	#527	4	MacLane VII.9: The smash product and the smash–hom adjunction on pointed spaces
maclane:VII.9:ex2	ABSENT	#527	4	MacLane VII.9: The smash product and the smash–hom adjunction on pointed spaces
maclane:VII.9:ex3	ABSENT	#527	4	MacLane VII.9: The smash product and the smash–hom adjunction on pointed spaces
maclane:VII.9:def-suspension-loop	ABSENT	#528	4	MacLane VII.9: Reduced suspension, loop space, and the Σ ⊣ Ω adjunction
maclane:VII.9:ex4	ABSENT	#528	4	MacLane VII.9: Reduced suspension, loop space, and the Σ ⊣ Ω adjunction
maclane:VII.9:ex5	ABSENT	#528	4	MacLane VII.9: Reduced suspension, loop space, and the Σ ⊣ Ω adjunction
maclane:VII.9:ex1	ABSENT	#529	4	MacLane VII.9: The left adjoint of the pointed-hom functor on pointed sets
maclane:VII.1:remark1	ABSENT	#265	4	also covered by existing issue
maclane:VII.1:def1	PRESENT	-	-	Structure/Monoidal/Strict.v:52 StrictMonoidal
maclane:VII.1:def2	PRESENT	-	-	Structure/Monoidal.v:125 Monoidal
maclane:VII.1:def3	PRESENT	-	-	Functor/Structure/Monoidal/Strict.v:54 StrictMonoidalFunctor
maclane:VII.1:ex1	PRESENT	-	-	Structure/Monoidal/Proofs.v:184 triangle_identity_left
maclane:VII.1:ex3	PRESENT	-	-	Construction/Opposite/Monoidal.v:92 Monoidal_op
maclane:VII.3:construction1	PRESENT	-	-	Theory/Algebra/Monoid/Hom.v:83 Mon
maclane:VII.3:def1	PRESENT	-	-	Theory/Algebra/Monoid.v:44 Monoid
maclane:VII.3:def2	PRESENT	-	-	Theory/Algebra/Monoid/Hom.v:34 MonoidHom
maclane:VII.6:def-comonad	PRESENT	-	-	Theory/Monad.v:144 Comonad
maclane:VII.7:def-closed	PRESENT	-	-	Structure/Monoidal/StarAutonomous.v:109 SymMonClosed
maclane:VII.7:def-enriched	PRESENT	-	-	Construction/Enriched.v:111 Enriched
maclane:VII.7:def-symmetric	PRESENT	-	-	Structure/Monoidal/Symmetric.v:103 SymmetricMonoidal
maclane:VIII.1:remark2	ABSENT	#530	4	MacLane VIII.1: Equalizers as kernels of differences in an Ab-category
maclane:VIII.1:construction1	PARTIAL	#531	4	MacLane VIII.1: The kernel–cokernel Galois connection
maclane:VIII.1:remark3	PARTIAL	#532	4	MacLane VIII.1: The canonical factorization f = ker(coker f) ∘ q and its diagonal fill-in
maclane:VIII.1:lem1	PARTIAL	#532	4	MacLane VIII.1: The canonical factorization f = ker(coker f) ∘ q and its diagonal fill-in
maclane:VIII.2:prop1	ABSENT	#533	4	MacLane VIII.2: Characterization of the zero object in an Ab-category
maclane:VIII.2:thm2	PARTIAL	#534	4	MacLane VIII.2: Product, biproduct, and coproduct coincide in an Ab-category
maclane:VIII.2:ex1	PARTIAL	#534	4	MacLane VIII.2: Product, biproduct, and coproduct coincide in an Ab-category
maclane:VIII.2:construction1	PARTIAL	#535	4	MacLane VIII.2: The biproduct bifunctor and its associativity and commutativity
maclane:VIII.2:ex3	PARTIAL	#535	4	MacLane VIII.2: The biproduct bifunctor and its associativity and commutativity
maclane:VIII.2:construction2	PARTIAL	#536	4	MacLane VIII.2: Finite biproducts and the matrix calculus of arrows
maclane:VIII.2:prop4	ABSENT	#537	4	MacLane VIII.2: Additive functors are exactly the biproduct-preserving functors
maclane:VIII.2:ex2	ABSENT	#538	4	MacLane VIII.2: The infinite canonical coproduct-to-product map need not be an isomorphism
maclane:VIII.2:ex4	PARTIAL	#539	4	MacLane VIII.2: Group completion of the semiadditive enrichment (Ex 4b)
maclane:VIII.2:ex5	ABSENT	#540	4	MacLane VIII.2: The free Ab-category on a category
maclane:VIII.2:ex6	ABSENT	#541	4	MacLane VIII.2: The free additive category Add(A) and Add(K) = Matr_K
maclane:VIII.3:remark1	PARTIAL	#542	4	MacLane VIII.3: Abelian categories are finitely (co)complete and balanced
maclane:VIII.3:remark2	PARTIAL	#542	4	MacLane VIII.3: Abelian categories are finitely (co)complete and balanced
maclane:VIII.3:remark3	ABSENT	#543	4	MacLane VIII.3: Functor and product categories inherit abelian structure
maclane:VIII.3:ex2	ABSENT	#543	4	MacLane VIII.3: Functor and product categories inherit abelian structure
maclane:VIII.3:def2	PARTIAL	#544	4	MacLane VIII.3: Coimage and the canonical coimage-to-image isomorphism
maclane:VIII.3:def3	ABSENT	#545	4	MacLane VIII.3: Exact sequences and short exact sequences
maclane:VIII.3:def4	ABSENT	#545	4	MacLane VIII.3: Exact sequences and short exact sequences
maclane:VIII.3:def-short-right-left-exact	ABSENT	#545	4	MacLane VIII.3: Exact sequences and short exact sequences
maclane:VIII.3:def-exact-functor	ABSENT	#546	4	MacLane VIII.3: Exact and left-exact functors
maclane:VIII.3:def-left-exact-functor	ABSENT	#546	4	MacLane VIII.3: Exact and left-exact functors
maclane:VIII.3:ex1	ABSENT	#546	4	MacLane VIII.3: Exact and left-exact functors
maclane:VIII.3:remark-economical-axioms	PARTIAL	#547	4	MacLane VIII.3: The economical (Freyd–Schubert) axiomatization of abelian categories
maclane:VIII.3:ex3	ABSENT	#548	4	MacLane VIII.3: (Finite) abelian groups are abelian; free abelian groups are not
maclane:VIII.3:ex4	ABSENT	#548	4	MacLane VIII.3: (Finite) abelian groups are abelian; free abelian groups are not
maclane:VIII.3:ex5	ABSENT	#549	4	MacLane VIII.3: Finitely generated modules over a left noetherian ring form an abelian category
maclane:VIII.3:ex6	ABSENT	#550	4	MacLane VIII.3: Subquotients and the ker/im ≅ coim/coker isomorphism
maclane:VIII.4:def-member	ABSENT	#551	4	MacLane VIII.4: Members (pseudo-elements) and the diagram-chasing rules
maclane:VIII.4:thm3	PARTIAL	#551	4	MacLane VIII.4: Members (pseudo-elements) and the diagram-chasing rules
maclane:VIII.4:prop2	ABSENT	#552	4	MacLane VIII.4: Pullbacks of epimorphisms and of short exact sequences
maclane:VIII.4:remark-ext-bifunctor	ABSENT	#552	4	MacLane VIII.4: Pullbacks of epimorphisms and of short exact sequences
maclane:VIII.4:def-morphism-ses	ABSENT	#553	4	MacLane VIII.4: The additive category Ses A of short exact sequences
maclane:VIII.4:construction-ses	ABSENT	#553	4	MacLane VIII.4: The additive category Ses A of short exact sequences
maclane:VIII.4:ex7	ABSENT	#553	4	MacLane VIII.4: The additive category Ses A of short exact sequences
maclane:VIII.4:lem1	ABSENT	#554	4	MacLane VIII.4: The short five lemma and the five lemma
maclane:VIII.4:lem4	ABSENT	#554	4	MacLane VIII.4: The short five lemma and the five lemma
maclane:VIII.4:ex1	ABSENT	#554	4	MacLane VIII.4: The short five lemma and the five lemma
maclane:VIII.4:ex2	ABSENT	#554	4	MacLane VIII.4: The short five lemma and the five lemma
maclane:VIII.4:construction-ker-coker-rows	ABSENT	#555	4	MacLane VIII.4: The snake lemma (the ker–coker exact sequence)
maclane:VIII.4:lem5	ABSENT	#555	4	MacLane VIII.4: The snake lemma (the ker–coker exact sequence)
maclane:VIII.4:ex3	ABSENT	#555	4	MacLane VIII.4: The snake lemma (the ker–coker exact sequence)
maclane:VIII.4:ex4	ABSENT	#555	4	MacLane VIII.4: The snake lemma (the ker–coker exact sequence)
maclane:VIII.4:ex5	ABSENT	#556	4	MacLane VIII.4: The 3×3 lemma and the exact sequence of a composite
maclane:VIII.4:ex6	ABSENT	#556	4	MacLane VIII.4: The 3×3 lemma and the exact sequence of a composite
maclane:VIII.4:def-chain-complex	ABSENT	#557	4	MacLane VIII.4: Chain complexes and homology objects
maclane:VIII.4:def-homology-object	ABSENT	#557	4	MacLane VIII.4: Chain complexes and homology objects
maclane:VIII.4:remark-embedding	ABSENT	#558	4	MacLane VIII.4: The Freyd–Mitchell embedding theorem
maclane:VIII.2:def1	PARTIAL	#264	4	also covered by existing issue
maclane:VIII.2:def4	ABSENT	#264	4	also covered by existing issue
maclane:VIII.1:def1	PRESENT	-	-	Structure/ZeroObject.v:53 zero_mor
maclane:VIII.1:def2	PRESENT	-	-	Structure/Kernel.v:53 IsKernel
maclane:VIII.1:def3	PRESENT	-	-	Structure/Kernel.v:58 IsCokernel
maclane:VIII.1:remark1	PRESENT	-	-	Structure/Kernel.v:98 kernel_monic
maclane:VIII.2:def2	PRESENT	-	-	Structure/Biproduct.v:42 Biproduct
maclane:VIII.2:def3	PRESENT	-	-	Structure/Additive.v:34 Additive
maclane:VIII.2:prop3	PRESENT	-	-	Structure/Semiadditive.v:130 biproduct_addition
maclane:VIII.2:remark1	PRESENT	-	-	Structure/Preadditive.v:87 pzero_zero_mor
maclane:VIII.3:def1	PRESENT	-	-	Structure/Abelian.v:137 Abelian
maclane:VIII.3:prop1	PRESENT	-	-	Structure/Abelian.v:371 abelian_epi_mono_factorization
maclane:IX.1:def1	ABSENT	#559	4	MacLane IX.1: Filtered categories and filtered colimits
maclane:IX.1:def2	ABSENT	#559	4	MacLane IX.1: Filtered categories and filtered colimits
maclane:IX.1:remark1	ABSENT	#559	4	MacLane IX.1: Filtered categories and filtered colimits
maclane:IX.1:def3	ABSENT	#559	4	MacLane IX.1: Filtered categories and filtered colimits
maclane:IX.1:thm1	ABSENT	#560	4	MacLane IX.1: Small coproducts from finite coproducts and directed colimits
maclane:IX.1:prop2	ABSENT	#561	4	MacLane IX.1: Algebraic forgetful functors create filtered colimits
maclane:IX.1:remark2	ABSENT	#561	4	MacLane IX.1: Algebraic forgetful functors create filtered colimits
maclane:IX.1:cor3	ABSENT	#562	4	MacLane IX.1: Grp is cocomplete
maclane:IX.2:construction1	ABSENT	#563	4	MacLane IX.2: Finite limits commute with filtered colimits in Set
maclane:IX.2:thm1	ABSENT	#563	4	MacLane IX.2: Finite limits commute with filtered colimits in Set
maclane:IX.2:ex1	ABSENT	#563	4	MacLane IX.2: Finite limits commute with filtered colimits in Set
maclane:IX.2:remark1	ABSENT	#564	4	MacLane IX.2: Interchange of iterated limits and of iterated colimits
maclane:IX.8:remark1	ABSENT	#564	4	MacLane IX.2: Interchange of iterated limits and of iterated colimits
maclane:IX.2:ex2	ABSENT	#565	4	MacLane IX.2: Pseudo-filtered categories
maclane:IX.2:ex3	ABSENT	#566	4	MacLane IX.2: Coproducts commute with pullbacks, and pseudo-filtered colimits commute with pullbacks, in Set
maclane:IX.2:ex4	ABSENT	#566	4	MacLane IX.2: Coproducts commute with pullbacks, and pseudo-filtered colimits commute with pullbacks, in Set
maclane:IX.3:def1	ABSENT	#567	4	MacLane IX.3: Final (cofinal) functors and final subcategories
maclane:IX.3:def2	ABSENT	#567	4	MacLane IX.3: Final (cofinal) functors and final subcategories
maclane:IX.3:construction1	ABSENT	#568	4	MacLane IX.3: Final functors preserve colimits (and initial functors, limits)
maclane:IX.3:thm1	ABSENT	#568	4	MacLane IX.3: Final functors preserve colimits (and initial functors, limits)
maclane:IX.3:remark1	ABSENT	#568	4	MacLane IX.3: Final functors preserve colimits (and initial functors, limits)
maclane:IX.3:ex1	ABSENT	#569	4	MacLane IX.3: Properties of final functors and colimits of representables
maclane:IX.3:ex2	ABSENT	#569	4	MacLane IX.3: Properties of final functors and colimits of representables
maclane:IX.3:ex3	ABSENT	#569	4	MacLane IX.3: Properties of final functors and colimits of representables
maclane:IX.3:ex4	ABSENT	#569	4	MacLane IX.3: Properties of final functors and colimits of representables
maclane:IX.3:ex5	ABSENT	#569	4	MacLane IX.3: Properties of final functors and colimits of representables
maclane:IX.4:construction2	ABSENT	#570	4	MacLane IX.4: Canonical wedges — evaluation and the identity family
maclane:IX.4:construction4	ABSENT	#570	4	MacLane IX.4: Canonical wedges — evaluation and the identity family
maclane:IX.4:construction3	ABSENT	#571	4	MacLane IX.4: The unit and counit of a parametrized adjunction are (di)natural in the parameter
maclane:IX.4:ex1	ABSENT	#571	4	MacLane IX.4: The unit and counit of a parametrized adjunction are (di)natural in the parameter
maclane:IX.4:def2	PARTIAL	#572	4	MacLane IX.4: Multi-variable (di)natural transformations and dummy variables
maclane:IX.4:def4	ABSENT	#572	4	MacLane IX.4: Multi-variable (di)natural transformations and dummy variables
maclane:IX.4:remark1	ABSENT	#573	4	MacLane IX.4: Composition calculus for dinatural transformations
maclane:IX.4:prop1	ABSENT	#573	4	MacLane IX.4: Composition calculus for dinatural transformations
maclane:IX.4:ex3	ABSENT	#573	4	MacLane IX.4: Composition calculus for dinatural transformations
maclane:IX.4:ex4	ABSENT	#573	4	MacLane IX.4: Composition calculus for dinatural transformations
maclane:IX.4:ex5	ABSENT	#573	4	MacLane IX.4: Composition calculus for dinatural transformations
maclane:IX.4:ex6	ABSENT	#573	4	MacLane IX.4: Composition calculus for dinatural transformations
maclane:IX.4:construction1	ABSENT	#574	4	MacLane IX.4: Euclidean self-duality as a dinatural transformation
maclane:IX.5:construction1	ABSENT	#575	4	MacLane IX.5: The end–limit correspondence (subdivision and twisted-arrow categories)
maclane:IX.5:prop1	ABSENT	#575	4	MacLane IX.5: The end–limit correspondence (subdivision and twisted-arrow categories)
maclane:IX.5:prop3	ABSENT	#575	4	MacLane IX.5: The end–limit correspondence (subdivision and twisted-arrow categories)
maclane:IX.6:ex3	ABSENT	#575	4	MacLane IX.5: The end–limit correspondence (subdivision and twisted-arrow categories)
maclane:IX.5:cor2	PARTIAL	#576	4	MacLane IX.5: Existence of ends from completeness and from products and equalizers
maclane:IX.6:ex2	ABSENT	#576	4	MacLane IX.5: Existence of ends from completeness and from products and equalizers
maclane:IX.5:remark1	PARTIAL	#577	4	MacLane IX.5: The set of natural transformations is an end of the hom-functor
maclane:IX.5:def2	ABSENT	#578	4	MacLane IX.5: Preservation and creation of ends; hom-functors are continuous for ends
maclane:IX.5:remark2	ABSENT	#578	4	MacLane IX.5: Preservation and creation of ends; hom-functors are continuous for ends
maclane:IX.6:def2	PARTIAL	#579	4	MacLane IX.6: The tensor product of functors as a coend
maclane:IX.6:ex5	ABSENT	#579	4	MacLane IX.6: The tensor product of functors as a coend
maclane:IX.6:remark1	ABSENT	#580	4	MacLane IX.6: Module tensor products and free modules as coends
maclane:IX.6:ex4	ABSENT	#580	4	MacLane IX.6: Module tensor products and free modules as coends
maclane:IX.7:prop1	PARTIAL	#581	4	MacLane IX.7: Functoriality of ends in the integrand
maclane:IX.7:thm2	PARTIAL	#582	4	MacLane IX.7: The Parameter Theorem for ends and coends
maclane:IX.7:thm3	ABSENT	#582	4	MacLane IX.7: The Parameter Theorem for ends and coends
maclane:IX.7:ex2	PARTIAL	#582	4	MacLane IX.7: The Parameter Theorem for ends and coends
maclane:IX.7:ex4	ABSENT	#582	4	MacLane IX.7: The Parameter Theorem for ends and coends
maclane:IX.7:ex1	ABSENT	#583	4	MacLane IX.7: A limit in a functor category that is not pointwise (Dubuc)
maclane:IX.8:prop1	PARTIAL	#584	4	MacLane IX.8: The Fubini theorem and interchange of iterated ends
maclane:IX.8:cor1	ABSENT	#584	4	MacLane IX.8: The Fubini theorem and interchange of iterated ends
maclane:IX.1:ex1	ABSENT	#450	4	also covered by existing issue
maclane:IX.1:ex2	ABSENT	#450	4	also covered by existing issue
maclane:IX.4:ex2	ABSENT	#396	4	also covered by existing issue
maclane:IX.6:remark2	ABSENT	#514	4	also covered by existing issue
maclane:IX.7:ex3	ABSENT	#420	4	also covered by existing issue
maclane:IX.4:def1	PRESENT	-	-	Theory/Dinatural.v:51 Dinatural
maclane:IX.4:def3	PRESENT	-	-	Structure/Wedge.v:38 Wedge
maclane:IX.5:def1	PRESENT	-	-	Structure/End.v:35 End
maclane:IX.6:def1	PRESENT	-	-	Structure/End.v:58 Coend
maclane:IX.6:ex1	PRESENT	-	-	Instance/Sets/End.v:59 end_family
maclane:X.1:remark2	PARTIAL	#585	4	MacLane X.1: The formal criterion for the existence of an adjoint via comma-category limits
maclane:X.1:lem1	ABSENT	#585	4	MacLane X.1: The formal criterion for the existence of an adjoint via comma-category limits
maclane:X.1:thm2	PARTIAL	#585	4	MacLane X.1: The formal criterion for the existence of an adjoint via comma-category limits
maclane:X.1:ex1	PARTIAL	#585	4	MacLane X.1: The formal criterion for the existence of an adjoint via comma-category limits
maclane:X.1:ex2	ABSENT	#586	4	MacLane X.1: Formal criteria for representability and universal arrows (Bénabou)
maclane:X.1:ex3	ABSENT	#586	4	MacLane X.1: Formal criteria for representability and universal arrows (Bénabou)
maclane:X.1:ex4	ABSENT	#586	4	MacLane X.1: Formal criteria for representability and universal arrows (Bénabou)
maclane:X.1:ex5	ABSENT	#587	4	MacLane X.1: The Bénabou collage of a set-valued functor and representability via a left adjoint
maclane:X.2:def1	PARTIAL	#588	4	MacLane X.2: Weak universal arrows and weak (co)limits
maclane:X.3:thm1	PARTIAL	#589	4	MacLane X.3: The pointwise (co)limit formula for Kan extensions
maclane:X.3:def2	PARTIAL	#589	4	MacLane X.3: The pointwise (co)limit formula for Kan extensions
maclane:X.3:cor2	ABSENT	#590	4	MacLane X.3: Existence of Kan extensions from completeness and the global adjoint to precomposition
maclane:X.3:remark1	PARTIAL	#590	4	MacLane X.3: Existence of Kan extensions from completeness and the global adjoint to precomposition
maclane:X.3:cor3	ABSENT	#591	4	MacLane X.3: Fully faithful K — an invertible Kan counit and extension along an inclusion
maclane:X.3:cor4	ABSENT	#591	4	MacLane X.3: Fully faithful K — an invertible Kan counit and extension along an inclusion
maclane:X.3:ex4	ABSENT	#591	4	MacLane X.3: Fully faithful K — an invertible Kan counit and extension along an inclusion
maclane:X.3:ex1	ABSENT	#592	4	MacLane X.3: Kan extensions between sets — images, representables, and non-existence
maclane:X.3:ex2	ABSENT	#592	4	MacLane X.3: Kan extensions between sets — images, representables, and non-existence
maclane:X.3:ex3	ABSENT	#592	4	MacLane X.3: Kan extensions between sets — images, representables, and non-existence
maclane:X.4:thm1	ABSENT	#593	4	MacLane X.4: Kan extensions as (co)ends — the pointwise coend and end formulas
maclane:X.4:thm2	ABSENT	#593	4	MacLane X.4: Kan extensions as (co)ends — the pointwise coend and end formulas
maclane:X.4:remark1	ABSENT	#593	4	MacLane X.4: Kan extensions as (co)ends — the pointwise coend and end formulas
maclane:X.4:ex1	ABSENT	#593	4	MacLane X.4: Kan extensions as (co)ends — the pointwise coend and end formulas
maclane:X.7:ex2	PARTIAL	#593	4	MacLane X.4: Kan extensions as (co)ends — the pointwise coend and end formulas
maclane:X.4:ex4	ABSENT	#594	4	MacLane X.4: Kan extensions as (co)ends in the functor category (Ulmer; Day–Kelly)
maclane:X.4:ex5	ABSENT	#594	4	MacLane X.4: Kan extensions as (co)ends in the functor category (Ulmer; Day–Kelly)
maclane:X.4:construction1	ABSENT	#595	4	MacLane X.4: Additive (Ab-enriched) Kan extensions via cotensor
maclane:X.4:remark2	ABSENT	#596	4	MacLane X.4: Left derived functors as a right Ab-enriched Kan extension
maclane:X.4:ex3	ABSENT	#597	4	MacLane X.4: Composition of right Kan extensions (Dubuc)
maclane:X.5:def1	PARTIAL	#598	4	MacLane X.5: Preservation of Kan extensions; right adjoints and representables preserve them
maclane:X.5:thm1	PARTIAL	#598	4	MacLane X.5: Preservation of Kan extensions; right adjoints and representables preserve them
maclane:X.5:cor2	ABSENT	#598	4	MacLane X.5: Preservation of Kan extensions; right adjoints and representables preserve them
maclane:X.5:ex1	PARTIAL	#598	4	MacLane X.5: Preservation of Kan extensions; right adjoints and representables preserve them
maclane:X.5:def2	ABSENT	#599	4	MacLane X.5: Pointwise Kan extensions and the comma-category limit criterion
maclane:X.5:thm3	ABSENT	#599	4	MacLane X.5: Pointwise Kan extensions and the comma-category limit criterion
maclane:X.5:lem1	ABSENT	#599	4	MacLane X.5: Pointwise Kan extensions and the comma-category limit criterion
maclane:X.5:cor4	ABSENT	#599	4	MacLane X.5: Pointwise Kan extensions and the comma-category limit criterion
maclane:X.6:def1	ABSENT	#600	4	MacLane X.6: Dense and codense functors and the full-faithfulness (nerve) criteria
maclane:X.6:def2	ABSENT	#600	4	MacLane X.6: Dense and codense functors and the full-faithfulness (nerve) criteria
maclane:X.6:remark1	ABSENT	#600	4	MacLane X.6: Dense and codense functors and the full-faithfulness (nerve) criteria
maclane:X.6:prop2	ABSENT	#600	4	MacLane X.6: Dense and codense functors and the full-faithfulness (nerve) criteria
maclane:X.6:remark2	ABSENT	#600	4	MacLane X.6: Dense and codense functors and the full-faithfulness (nerve) criteria
maclane:X.6:cor3	ABSENT	#600	4	MacLane X.6: Dense and codense functors and the full-faithfulness (nerve) criteria
maclane:X.6:ex3	ABSENT	#600	4	MacLane X.6: Dense and codense functors and the full-faithfulness (nerve) criteria
maclane:X.6:ex4	ABSENT	#600	4	MacLane X.6: Dense and codense functors and the full-faithfulness (nerve) criteria
maclane:X.6:remark3	ABSENT	#601	4	MacLane X.6: Density in Ab and in R-Mod
maclane:X.6:ex1	ABSENT	#601	4	MacLane X.6: Density in Ab and in R-Mod
maclane:X.6:ex2	ABSENT	#601	4	MacLane X.6: Density in Ab and in R-Mod
maclane:X.6:ex5	ABSENT	#602	4	MacLane X.6: Density as a coend of copowers
maclane:X.7:thm1	PARTIAL	#603	4	MacLane X.7: Kan extensions along the identity and the terminal functor give functors and (co)limits
maclane:X.7:remark1	ABSENT	#603	4	MacLane X.7: Kan extensions along the identity and the terminal functor give functors and (co)limits
maclane:X.3:ex5	ABSENT	#603	4	MacLane X.7: Kan extensions along the identity and the terminal functor give functors and (co)limits
maclane:X.7:thm2	ABSENT	#604	4	MacLane X.7: The adjoint criterion via the Kan extension of the identity, and absolute Kan extensions
maclane:X.7:prop3	ABSENT	#604	4	MacLane X.7: The adjoint criterion via the Kan extension of the identity, and absolute Kan extensions
maclane:X.7:ex1	PARTIAL	#604	4	MacLane X.7: The adjoint criterion via the Kan extension of the identity, and absolute Kan extensions
maclane:X.7:ex3	PARTIAL	#605	4	MacLane X.7: The codensity monad and codensity as Ran_K K
maclane:X.6:prop1	ABSENT	#605	4	MacLane X.7: The codensity monad and codensity as Ran_K K
maclane:X.1:remark1	PARTIAL	#353	4	also covered by existing issue
maclane:X.2:thm1	PRESENT	-	-	Theory/WeaklyInitial.v:89 initial_from_weakly_initial
maclane:X.3:construction1	PRESENT	-	-	Theory/Kan/Extension.v:127 Induced
maclane:X.3:def1	PRESENT	-	-	Theory/Kan/Extension.v:154 LocalRightKan
maclane:X.4:ex2	PRESENT	-	-	Theory/Kan/Extension.v:143 Ran (field of Class RightKan)
maclane:X.7:remark2	PRESENT	-	-	Theory/Coend/Yoneda.v:297 yoneda_reduction
maclane:XI.1:def2	PARTIAL	#606	4	MacLane XI.1: The braiding as a natural isomorphism, unit compatibility, and the inverse braiding
maclane:XI.1:remark1	ABSENT	#606	4	MacLane XI.1: The braiding as a natural isomorphism, unit compatibility, and the inverse braiding
maclane:XI.2:remark2	ABSENT	#607	4	MacLane XI.2: Monoidal natural transformations compose, and the category of monoidal functors
maclane:XI.2:construction1	ABSENT	#608	4	MacLane XI.2: The word-indexed comparison transformation F_v of a monoidal functor
maclane:XI.3:thm1	ABSENT	#609	4	MacLane XI.3: Strictification — every monoidal category is monoidally equivalent to a strict one
maclane:XI.3:ex1	PARTIAL	#610	4	MacLane XI.3: The endofunctor category [C,C] as a strict monoidal category (Exercise 1)
maclane:XI.3:ex2	ABSENT	#611	4	MacLane XI.3: The tensoring functor T : M ⟶ [M,M] and an independent strictification proof (Exercises 2–3)
maclane:XI.3:ex3	ABSENT	#611	4	MacLane XI.3: The tensoring functor T : M ⟶ [M,M] and an independent strictification proof (Exercises 2–3)
maclane:XI.4:def1	ABSENT	#612	4	MacLane XI.4: The Artin braid group B_n
maclane:XI.4:construction1	ABSENT	#613	4	MacLane XI.4: The surjection B_n ⟶ S_n and the symmetric group by transpositions
maclane:XI.4:construction2	ABSENT	#614	4	MacLane XI.4: The braid category B as a braided (non-symmetric) monoidal category
maclane:XI.4:construction3	ABSENT	#614	4	MacLane XI.4: The braid category B as a braided (non-symmetric) monoidal category
maclane:XI.5:thm1	ABSENT	#615	4	MacLane XI.5: The braid category is the free braided monoidal category on one object
maclane:XI.5:thm2	ABSENT	#616	4	MacLane XI.5: Braided coherence via the underlying braid, and the B_2 action on a tensor
maclane:XI.5:remark1	ABSENT	#616	4	MacLane XI.5: Braided coherence via the underlying braid, and the B_2 action on a tensor
maclane:XI.1:thm1	PARTIAL	#520	4	also covered by existing issue
maclane:XI.1:construction1	PARTIAL	#520	4	also covered by existing issue
maclane:XI.3:thm2	ABSENT	#497	4	also covered by existing issue
maclane:XI.1:def1	PRESENT	-	-	Structure/Monoidal.v:125 Monoidal
maclane:XI.1:def3	PRESENT	-	-	Structure/Monoidal/Symmetric.v:103 SymmetricMonoidal
maclane:XI.2:def1	PRESENT	-	-	Functor/Structure/Monoidal.v:110 LaxMonoidalFunctor
maclane:XI.2:def2	PRESENT	-	-	Functor/Structure/Monoidal.v:77 MonoidalFunctor
maclane:XI.2:def3	PRESENT	-	-	Natural/Transformation/Monoidal.v:31 LaxMonoidal_Transform
maclane:XI.2:def4	PRESENT	-	-	Functor/Structure/Monoidal/Braided.v:67 BraidedMonoidalFunctor
maclane:XI.2:remark1	PRESENT	-	-	Functor/Structure/Monoidal/Compose.v:59 Compose_MonoidalFunctor
maclane:XI.3:def1	PRESENT	-	-	Structure/Monoidal/Strict.v:52 StrictMonoidal
maclane:XII.1:def1	ABSENT	#617	4	MacLane XII.1: Internal categories (category objects in a finitely complete category)
maclane:XII.1:remark1	ABSENT	#617	4	MacLane XII.1: Internal categories (category objects in a finitely complete category)
maclane:XII.1:def2	ABSENT	#618	4	MacLane XII.1: Internal functors and internal natural transformations
maclane:XII.1:def3	ABSENT	#618	4	MacLane XII.1: Internal functors and internal natural transformations
maclane:XII.1:def4	ABSENT	#619	4	MacLane XII.1: Internal diagrams (left C-objects) and their morphisms
maclane:XII.1:def5	ABSENT	#619	4	MacLane XII.1: Internal diagrams (left C-objects) and their morphisms
maclane:XII.1:remark2	ABSENT	#620	4	MacLane XII.1: Category objects in Grp are group objects in Cat, and the interchange of internalizations
maclane:XII.2:construction1	ABSENT	#621	4	MacLane XII.2: The nerve of a category as a simplicial set
maclane:XII.2:ex1	ABSENT	#621	4	MacLane XII.2: The nerve of a category as a simplicial set
maclane:XII.2:remark1	ABSENT	#622	4	MacLane XII.2: The nerve of an internal category as a simplicial object
maclane:XII.3:def2	PARTIAL	#623	4	MacLane XII.3: The hom-category (Cat-enriched) formulation of a 2-category
maclane:XII.3:construction2	ABSENT	#624	4	MacLane XII.3: The homotopy 2-category of topological spaces
maclane:XII.4:def2	PARTIAL	#625	4	MacLane XII.4: Right Kan extensions in a 2-category (formal Kan extensions)
maclane:XII.4:def3	PARTIAL	#626	4	MacLane XII.4: 2-functors and 2-natural transformations (strict)
maclane:XII.4:def4	PARTIAL	#626	4	MacLane XII.4: 2-functors and 2-natural transformations (strict)
maclane:XII.4:construction1	PARTIAL	#627	4	MacLane XII.4: The 2-category 2-Cat
maclane:XII.4:remark1	PARTIAL	#628	4	MacLane XII.4: 3-categories via enrichment in 2-Cat
maclane:XII.5:def1	PARTIAL	#629	4	MacLane XII.5: Single-set (arrows-only) categories and functors via source/target operators
maclane:XII.5:def2	ABSENT	#629	4	MacLane XII.5: Single-set (arrows-only) categories and functors via source/target operators
maclane:XII.5:def3	ABSENT	#630	4	MacLane XII.5: Single-set n-categories and ω-categories
maclane:XII.5:def4	ABSENT	#630	4	MacLane XII.5: Single-set n-categories and ω-categories
maclane:XII.5:def5	ABSENT	#630	4	MacLane XII.5: Single-set n-categories and ω-categories
maclane:XII.6:remark1	ABSENT	#631	4	MacLane XII.6: The two duals of a bicategory
maclane:XII.7:construction1	PARTIAL	#632	4	MacLane XII.7: Every one-object bicategory is a monoidal category (and bicategorical coherence)
maclane:XII.7:construction2	ABSENT	#633	4	MacLane XII.7: The bicategory of rings and bimodules
maclane:XII.7:construction3	PARTIAL	#634	4	MacLane XII.7: The bicategory Span(C)
maclane:XII.8:def1	ABSENT	#635	4	MacLane XII.8: Crossed modules of groups
maclane:XII.8:lem1	ABSENT	#636	4	MacLane XII.8: Crossed modules are equivalent to category objects in Grp
maclane:XII.8:thm1	ABSENT	#636	4	MacLane XII.8: Crossed modules are equivalent to category objects in Grp
maclane:XII.3:def1	PARTIAL	#283	4	also covered by existing issue
maclane:XII.5:remark1	PARTIAL	#217	4	also covered by existing issue
maclane:XII.3:construction1	PRESENT	-	-	Instance/Cat/Bicategory.v:127 Cat_Bicategory
maclane:XII.3:remark1	PRESENT	-	-	Construction/Enriched.v:111 Enriched
maclane:XII.4:def1	PRESENT	-	-	Theory/Bicategory/Adjunction.v:270 BicatAdjunction
maclane:XII.4:def5	PRESENT	-	-	Theory/Bicategory/Modification.v:57 Modification
maclane:XII.6:def1	PRESENT	-	-	Theory/Bicategory.v:204 Bicategory
maclane:XII.7:def1	PRESENT	-	-	Structure/Span.v:27 Span
maclane:App.1:def-nno	PARTIAL	#637	4	MacLane App.1: Natural-numbers object
maclane:App.1:def5	PARTIAL	#638	4	MacLane App.1: ETCS — well-pointed topos with choice and a natural-numbers object
maclane:App.1:def-well-pointed	ABSENT	#638	4	MacLane App.1: ETCS — well-pointed topos with choice and a natural-numbers object
maclane:App.1:def-ac	PARTIAL	#638	4	MacLane App.1: ETCS — well-pointed topos with choice and a natural-numbers object
maclane:App.1:remark-boolean	ABSENT	#639	4	MacLane App.1: A two-valued subobject classifier is a Boolean algebra
maclane:App.1:remark1	PARTIAL	#404	4	also covered by existing issue
maclane:App.1:remark2	PARTIAL	#405	4	also covered by existing issue
maclane:App.1:def1	PRESENT	-	-	Theory/Category.v:111 Category
maclane:App.1:def2	PRESENT	-	-	Structure/Topos.v:112 ElementaryTopos
maclane:App.1:def3	PRESENT	-	-	Structure/SubobjectClassifier.v:44 SubobjectClassifier
maclane:App.1:def4	PRESENT	-	-	Structure/Topos.v:129 Pow
awodey:1.4:construction-sets	PARTIAL	#640	5	Awodey 1.4: Wide subcategories of Sets cut out by a class of functions
awodey:1.4:construction-pos	PARTIAL	#641	5	Awodey 1.4: Pos, the category of posets and monotone maps
awodey:1.4:construction-deductive	PARTIAL	#642	5	Awodey 1.4: The category of a deductive system (proofs as arrows)
awodey:1.5:construction-aut	PARTIAL	#643	5	Awodey 1.5: Automorphism groups, permutation groups, and Cayley's theorem
awodey:1.5:thm-cayley	PARTIAL	#643	5	Awodey 1.5: Automorphism groups, permutation groups, and Cayley's theorem
awodey:1.5:thm6	PARTIAL	#644	5	Awodey 1.5: Every category with small hom-collections is concrete (Cayley/Yoneda into Sets)
awodey:1:ex3	PARTIAL	#645	5	Awodey 1.9 Ex 3: Isomorphisms versus bijective homomorphisms in Sets, Mon, and Pos
awodey:1:ex4	PARTIAL	#646	5	Awodey 1.9 Ex 4: The coslice as the opposite of the slice over the opposite category
awodey:1:ex5	ABSENT	#647	5	Awodey 1.9 Ex 5: Free categories on graphs with exactly six arrows
awodey:1.4:construction-structured-sets	PARTIAL	#226	5	also covered by existing issue
awodey:1.4:construction-mat	ABSENT	#221	5	also covered by existing issue
awodey:1.4:construction-monoid-cat	PARTIAL	#220	5	also covered by existing issue
awodey:1.5:def-group-hom	PARTIAL	#255	5	also covered by existing issue
awodey:1.5:remark7	ABSENT	#263	5	also covered by existing issue
awodey:1.6:example8	PARTIAL	#261	5	also covered by existing issue
awodey:1.7:construction-free-monoid	PARTIAL	#296	5	also covered by existing issue
awodey:1.7:prop9	PARTIAL	#296	5	also covered by existing issue
awodey:1.7:prop10	PARTIAL	#296	5	also covered by existing issue
awodey:1.8:def11	PARTIAL	#253	5	also covered by existing issue
awodey:1.8:def12	PARTIAL	#253	5	also covered by existing issue
awodey:1:ex2	ABSENT	#262	5	also covered by existing issue
awodey:1.3:def1	PRESENT	-	-	Theory/Category.v:111 Category
awodey:1.4:construction-cat	PRESENT	-	-	Instance/Cat.v:142 Cat
awodey:1.4:construction-discrete	PRESENT	-	-	Instance/Discrete.v:37 DiscreteCat
awodey:1.4:construction-finite	PRESENT	-	-	Instance/Zero.v:28 _0
awodey:1.4:construction-mon	PRESENT	-	-	Theory/Algebra/Monoid/Hom.v:83 Mon
awodey:1.4:construction-poset-cat	PRESENT	-	-	Instance/Poset.v:116 Poset
awodey:1.4:construction-preorder	PRESENT	-	-	Instance/Proset.v:33 Proset
awodey:1.4:construction-prog-lang	PRESENT	-	-	Instance/Lambda.v:226 Lambda
awodey:1.4:construction-rel	PRESENT	-	-	Instance/Rel.v:45 Rel
awodey:1.4:def-monoid	PRESENT	-	-	Structure/Monoid.v:124 MonoidObject
awodey:1.4:def-poset	PRESENT	-	-	Instance/Poset.v:116 Poset
awodey:1.4:def-preorder	PRESENT	-	-	Instance/Proset.v:33 Proset
awodey:1.4:def2	PRESENT	-	-	Theory/Functor.v:96 Functor
awodey:1.5:def3	PRESENT	-	-	Theory/Isomorphism.v:113 Isomorphism
awodey:1.5:def4	PRESENT	-	-	Structure/Group.v:109 GroupObject
awodey:1.5:remark5	PRESENT	-	-	Theory/Isomorphism.v:113 Isomorphism
awodey:1.6:construction-arrow-category	PRESENT	-	-	Construction/Arrow.v:110 Arrow
awodey:1.6:construction-coslice-category	PRESENT	-	-	Construction/Slice.v:169 Coslice
awodey:1.6:construction-opposite	PRESENT	-	-	Construction/Opposite.v:106 Opposite
awodey:1.6:construction-product	PRESENT	-	-	Construction/Product.v:95 Product
awodey:1.6:construction-slice-category	PRESENT	-	-	Construction/Slice.v:123 Slice
awodey:1.7:construction-forgetful-cat	PRESENT	-	-	Construction/Free/Quiver.v:398 QuiverOfCat
awodey:1.7:construction-forgetful-mon	PRESENT	-	-	Theory/Algebra/Monoid/Hom.v:93 Mon_Forget
awodey:1.7:construction-free-category	PRESENT	-	-	Construction/Free/Quiver.v:431 FreeOnQuiver
awodey:1.7:def-graph	PRESENT	-	-	Construction/Free/Quiver.v:54 Quiver
awodey:1.7:def-graph-homomorphism	PRESENT	-	-	Construction/Free/Quiver.v:205 QuiverHomomorphism
awodey:1:ex1	PRESENT	-	-	Instance/Rel.v:45 Rel
awodey:1:ex6	PRESENT	-	-	Construction/Free/Quiver.v:518 UniversalArrowQuiverCat
awodey:2.1:example3	ABSENT	#648	5	Awodey 2.1: Monomorphisms in Mon are exactly the injective homomorphisms
awodey:2.3:example12	ABSENT	#648	5	Awodey 2.1: Monomorphisms in Mon are exactly the injective homomorphisms
awodey:2.1:example5	ABSENT	#649	5	Awodey 2.1: The inclusion of the additive monoid of naturals into the integers is a non-surjective epimorphism
awodey:2.1:remark-bimorphism-iso-sets	PARTIAL	#650	5	Awodey 2.1: Sets is balanced — a monic epimorphism of sets is an isomorphism
awodey:2.1:example4	PARTIAL	#651	5	Awodey 2.1: Every arrow in a poset is a bimorphism, and Pos is not balanced
awodey:2.3:example11	PARTIAL	#651	5	Awodey 2.1: Every arrow in a poset is a bimorphism, and Pos is not balanced
awodey:2.2:example9	PARTIAL	#652	5	Awodey 2.2: Initial and terminal objects in slice categories, coslices, and posets
awodey:2.2:def-boolean-algebra	ABSENT	#653	5	Awodey 2.2: Boolean algebras and the category Bool
awodey:2.3:def-filter	ABSENT	#654	5	Awodey 2.3: Filters, ultrafilters, and the correspondence between Boolean homomorphisms to 2 and ultrafilters
awodey:2.3:def-ultrafilter	ABSENT	#654	5	Awodey 2.3: Filters, ultrafilters, and the correspondence between Boolean homomorphisms to 2 and ultrafilters
awodey:2.3:construction-ultrafilter-bijection	ABSENT	#654	5	Awodey 2.3: Filters, ultrafilters, and the correspondence between Boolean homomorphisms to 2 and ultrafilters
awodey:2:ex5	ABSENT	#654	5	Awodey 2.3: Filters, ultrafilters, and the correspondence between Boolean homomorphisms to 2 and ultrafilters
awodey:2.3:example10	ABSENT	#655	5	Awodey 2.3: Well-pointed categories and having enough points
awodey:2.4:remark14	PARTIAL	#656	5	Awodey 2.4: Functors preserve split monomorphisms and split epimorphisms
awodey:2.4:example15	ABSENT	#657	5	Awodey 2.4: The categorical axiom of choice and projective objects in Sets and Pos
awodey:2:ex3	ABSENT	#657	5	Awodey 2.4: The categorical axiom of choice and projective objects in Sets and Pos
awodey:2.2:prop8	PARTIAL	#247	5	also covered by existing issue
awodey:2.4:def-projective	ABSENT	#429	5	also covered by existing issue
awodey:2.6:construction-product-monoid-group	PARTIAL	#503	5	also covered by existing issue
awodey:2.6:construction-product-poset	PARTIAL	#422	5	also covered by existing issue
awodey:2.6:construction-product-top	ABSENT	#458	5	also covered by existing issue
awodey:2.7:construction-finite-products	PARTIAL	#335	5	also covered by existing issue
awodey:2:ex1	PARTIAL	#245	5	also covered by existing issue
awodey:2:ex2	PARTIAL	#250	5	also covered by existing issue
awodey:2:ex4	ABSENT	#296	5	also covered by existing issue
awodey:2:ex7	PARTIAL	#254	5	also covered by existing issue
awodey:2.1:def1	PRESENT	-	-	Theory/Morphisms.v:116 Monic
awodey:2.1:prop2	PRESENT	-	-	Instance/Sets.v:369 injectivity_is_monic
awodey:2.1:prop6	PRESENT	-	-	Theory/Isomorphism.v:264 iso_to_monic
awodey:2.2:def7	PRESENT	-	-	Structure/Terminal.v:107 Terminal
awodey:2.3:def-generalized-element	PRESENT	-	-	Structure/Constant.v:15 Constant (header)
awodey:2.3:def-global-element	PRESENT	-	-	Structure/Constant.v:27 Constant
awodey:2.4:def13	PRESENT	-	-	Theory/Morphisms.v:56 Section
awodey:2.4:remark-split-mono-monic	PRESENT	-	-	Theory/Morphisms.v:179 sections_are_monic
awodey:2.5:def16	PRESENT	-	-	Structure/Cartesian.v:121 Cartesian
awodey:2.5:prop18	PRESENT	-	-	Structure/UniversalProperty.v:175 univ_property_unique_up_to_unique_iso
awodey:2.5:remark17	PRESENT	-	-	Structure/Cartesian.v:137 ump_products
awodey:2.6:construction-lambda-types	PRESENT	-	-	Instance/Lambda.v:226 Lambda
awodey:2.6:construction-product-cat	PRESENT	-	-	Instance/Cat/Cartesian.v:40 Cat_Cartesian
awodey:2.6:construction-product-sets	PRESENT	-	-	Instance/Sets/Cartesian.v:32 Sets_Cartesian
awodey:2.7:construction-indexed-product	PRESENT	-	-	Structure/Limit/Product.v:51 IsIndexedProduct
awodey:2.7:construction-product-bifunctor	PRESENT	-	-	Structure/Cartesian.v:178 split
awodey:2.7:def-has-binary-products	PRESENT	-	-	Structure/Cartesian.v:121 Cartesian
awodey:2.7:def19	PRESENT	-	-	Structure/Limit/Product.v:128 HasIndexedProducts
awodey:2.7:remark-terminal-nullary	PRESENT	-	-	Structure/Limit/Terminal.v:33 Terminal_Limit
awodey:2.8:construction-representable	PRESENT	-	-	Functor/Hom.v:60 Curried_Hom
awodey:2.8:cor22	PRESENT	-	-	Adjunction/Diagonal/Product.v:36 Diagonal_Product_Adjunction
awodey:2.8:def-homset	PRESENT	-	-	Theory/Category.v:115 hom / homset
awodey:2.8:def21	PRESENT	-	-	Functor/Structure/Cartesian.v:49 CartesianFunctor
awodey:2.8:prop20	PRESENT	-	-	Structure/UniversalProperty/Cartesian.v:60 CartesianProductIsUniversalProperty
awodey:2:ex6	PRESENT	-	-	Structure/Cartesian.v:485 prod_assoc
awodey:3.2:construction-coproduct-functor	PARTIAL	#658	5	Awodey 3.2: The coproduct bifunctor + : C ∏ C ⟶ C
awodey:3.2:prop12	PARTIAL	#659	5	Awodey 3.2: The coproduct universal property — representability and uniqueness up to isomorphism
awodey:3:ex1	PARTIAL	#659	5	Awodey 3.2: The coproduct universal property — representability and uniqueness up to isomorphism
awodey:3.3:construction-char-function	PARTIAL	#660	5	Awodey 3.3: Subsets as equalizers of their characteristic functions in Sets
awodey:3:ex6	PARTIAL	#661	5	Awodey 3.5 Ex 6: Kernel relations, quotients, and generated equivalence relations in Sets
awodey:3:ex5	ABSENT	#662	5	Awodey 3.5 Ex 5: The category of posets has all coequalizers
awodey:3.4:example20	PARTIAL	#663	5	Awodey 3.4: Presentations of algebras by generators and relations as coequalizers of free algebras
awodey:3.4:remark21	PARTIAL	#663	5	Awodey 3.4: Presentations of algebras by generators and relations as coequalizers of free algebras
awodey:3.1:prop1	PARTIAL	#266	5	also covered by existing issue
awodey:3.1:prop2	PARTIAL	#266	5	also covered by existing issue
awodey:3.2:remark-finite-copower	ABSENT	#321	5	also covered by existing issue
awodey:3.2:example5	ABSENT	#328	5	also covered by existing issue
awodey:3.2:example6	ABSENT	#324	5	also covered by existing issue
awodey:3.2:example9	ABSENT	#328	5	also covered by existing issue
awodey:3.2:construction-free-product-groups	ABSENT	#324	5	also covered by existing issue
awodey:3.2:example10	PARTIAL	#324	5	also covered by existing issue
awodey:3.2:prop11	PARTIAL	#534	5	also covered by existing issue
awodey:3.2:example7	PARTIAL	#422	5	also covered by existing issue
awodey:3.3:example14	ABSENT	#407	5	also covered by existing issue
awodey:3.4:example16	PARTIAL	#530	5	also covered by existing issue
awodey:3.4:example19	PARTIAL	#315	5	also covered by existing issue
awodey:3.4:construction-sets-coeq	PARTIAL	#315	5	also covered by existing issue
awodey:3:ex4	PARTIAL	#315	5	also covered by existing issue
awodey:3:ex2	ABSENT	#530	5	also covered by existing issue
awodey:3.4:prop22	PARTIAL	#479	5	also covered by existing issue
awodey:3:ex3	PARTIAL	#479	5	also covered by existing issue
awodey:3.1:remark-op-involution	PRESENT	-	-	Construction/Opposite.v:126 op_invol
awodey:3.2:def-coproduct	PRESENT	-	-	Structure/Cocartesian.v:115 Cocartesian
awodey:3.2:def3	PRESENT	-	-	Structure/Cartesian.v:121 Cartesian
awodey:3.2:example4	PRESENT	-	-	Instance/Sets/Cocartesian.v:28 Sets_Cocartesian
awodey:3.2:example8	PRESENT	-	-	Instance/Coq.v:199 Coq_Cocartesian
awodey:3.2:remark-coproduct-assoc	PRESENT	-	-	Structure/Cocartesian.v:399 coprod_assoc
awodey:3.3:def13	PRESENT	-	-	Structure/Equalizer/Fork.v:52 IsEqualizer
awodey:3.3:prop15	PRESENT	-	-	Structure/Equalizer/Fork.v:83 equalizer_monic
awodey:3.4:def17	PRESENT	-	-	Structure/Coequalizer.v:52 IsCoequalizer
awodey:3.4:prop18	PRESENT	-	-	Structure/Coequalizer.v:83 coequalizer_epic
awodey:4.3:construction-congruence-category	ABSENT	#664	5	Awodey 4.3: The homomorphism theorem for categories — kernel congruence, kernel category, and the bijective-on-objects/faithful factorization of a functor
awodey:4.3:def-kernel-congruence	ABSENT	#664	5	Awodey 4.3: The homomorphism theorem for categories — kernel congruence, kernel category, and the bijective-on-objects/faithful factorization of a functor
awodey:4.3:def-kernel-category	ABSENT	#664	5	Awodey 4.3: The homomorphism theorem for categories — kernel congruence, kernel category, and the bijective-on-objects/faithful factorization of a functor
awodey:4.3:thm7	PARTIAL	#664	5	Awodey 4.3: The homomorphism theorem for categories — kernel congruence, kernel category, and the bijective-on-objects/faithful factorization of a functor
awodey:4.3:cor8	ABSENT	#664	5	Awodey 4.3: The homomorphism theorem for categories — kernel congruence, kernel category, and the bijective-on-objects/faithful factorization of a functor
awodey:4.3:construction-quotient-category	PARTIAL	#665	5	Awodey 4.3–4.4: Coequalizers of functors in Cat via congruence quotients
awodey:4.4:construction-fp-coequalizer	ABSENT	#665	5	Awodey 4.3–4.4: Coequalizers of functors in Cat via congruence quotients
awodey:4:ex5	PARTIAL	#665	5	Awodey 4.3–4.4: Coequalizers of functors in Cat via congruence quotients
awodey:4.4:example9	ABSENT	#666	5	Awodey 4.4: Finitely presented example categories — the walking isomorphism, Z/2Z, cyclic groups, and presentations of the category 3
awodey:4:ex3	ABSENT	#666	5	Awodey 4.4: Finitely presented example categories — the walking isomorphism, Z/2Z, cyclic groups, and presentations of the category 3
awodey:4.1:example3	ABSENT	#667	5	Awodey 4.1: Group objects in Sets, Top, and Pos recover ordinary, topological, and ordered groups
awodey:4:ex2	ABSENT	#668	5	Awodey 4.5 Ex 2: Internal groups in a slice Sets/I as an I-indexed family of groups
awodey:4.1:remark-generalized-elements	ABSENT	#341	5	also covered by existing issue
awodey:4.1:def2	PARTIAL	#343	5	also covered by existing issue
awodey:4.1:construction-group-cat	PARTIAL	#343	5	also covered by existing issue
awodey:4.2:def-normal-subgroup	PARTIAL	#301	5	also covered by existing issue
awodey:4.2:construction-factor-group	PARTIAL	#313	5	also covered by existing issue
awodey:4.2:thm4	PARTIAL	#313	5	also covered by existing issue
awodey:4.2:cor5	PARTIAL	#313	5	also covered by existing issue
awodey:4.3:remark-functor-group-hom	ABSENT	#234	5	also covered by existing issue
awodey:4.3:def-representation	ABSENT	#234	5	also covered by existing issue
awodey:4.4:def-finitely-presented	PARTIAL	#299	5	also covered by existing issue
awodey:4:ex1	ABSENT	#301	5	also covered by existing issue
awodey:4.1:def1	PRESENT	-	-	Structure/Group.v:109 GroupObject
awodey:4.2:def-kernel	PRESENT	-	-	Structure/Kernel.v:53 IsKernel
awodey:4.3:def6	PRESENT	-	-	Construction/Quotient.v:226 HomCongruence
awodey:4:ex4	PRESENT	-	-	Construction/Quotient.v:231 HomCongruence.cong_comp
awodey:5.1:def1	PARTIAL	#669	5	Awodey 5.1: The subobject preorder Sub_C(X) as a category, and its poset quotient
awodey:5.1:remark4	PARTIAL	#669	5	Awodey 5.1: The subobject preorder Sub_C(X) as a category, and its poset quotient
awodey:5.1:construction-subobject-pushforward	PARTIAL	#670	5	Awodey 5.1: Functoriality of subobjects — direct image along a mono, and monotonicity of reindexing
awodey:5.3:cor13	PARTIAL	#670	5	Awodey 5.1: Functoriality of subobjects — direct image along a mono, and monotonicity of reindexing
awodey:5.1:def-local-membership	PARTIAL	#671	5	Awodey 5.1: Local membership of generalized elements, and the equalizer as a comprehension subobject
awodey:5.1:example3	PARTIAL	#671	5	Awodey 5.1: Local membership of generalized elements, and the equalizer as a comprehension subobject
awodey:5.3:cor11	PARTIAL	#672	5	Awodey 5.3/5.7 Ex 1: Pullback calculus — the prism lemma, and monos as pullback squares
awodey:5:ex1	ABSENT	#672	5	Awodey 5.3/5.7 Ex 1: Pullback calculus — the prism lemma, and monos as pullback squares
awodey:5.3:example15	ABSENT	#673	5	Awodey 5.3/5.5: Slices of Sets as indexed families — reindexing as pullback, and its preservation of coproducts
awodey:5.5:example-reindexing-preserves-coproducts	ABSENT	#673	5	Awodey 5.3/5.5: Slices of Sets as indexed families — reindexing as pullback, and its preservation of coproducts
awodey:5.6:example33	ABSENT	#674	5	Awodey 5.6: The cumulative hierarchy as an ω-colimit, and the functoriality of V_ω
awodey:5.6:example34	ABSENT	#675	5	Awodey 5.6: ω-CPOs and continuous monotone maps
awodey:5.6:prop35	PARTIAL	#676	5	Awodey 5.6: Least fixed points of continuous maps on an ω-CPO (Kleene iteration)
awodey:5.6:example-colimit-ambient-dependence	ABSENT	#677	5	Awodey 5.6: Colimits depend on the ambient category — the chain of finite ω-CPOs in Pos and in ωCPO
awodey:5:ex4	PARTIAL	#678	5	Awodey 5.7 Ex 4: The category of partial maps Par(C) over a category with pullbacks
awodey:5.1:prop-factor-through-mono-is-mono	ABSENT	#250	5	also covered by existing issue
awodey:5.2:prop7	ABSENT	#326	5	also covered by existing issue
awodey:5.2:cor8	ABSENT	#326	5	also covered by existing issue
awodey:5.2:construction-pullback-in-sets	PARTIAL	#333	5	also covered by existing issue
awodey:5.2:example9	PARTIAL	#333	5	also covered by existing issue
awodey:5.3:example14	PARTIAL	#311	5	also covered by existing issue
awodey:5.4:prop16	ABSENT	#326	5	also covered by existing issue
awodey:5.4:def18	PARTIAL	#417	5	also covered by existing issue
awodey:5.4:def-all-finite-limits	PARTIAL	#417	5	also covered by existing issue
awodey:5.4:prop23	PARTIAL	#416	5	also covered by existing issue
awodey:5.4:cor24	PARTIAL	#416	5	also covered by existing issue
awodey:5.4:thm25	PARTIAL	#416	5	also covered by existing issue
awodey:5.5:def26	PARTIAL	#427	5	also covered by existing issue
awodey:5.5:prop27	PARTIAL	#428	5	also covered by existing issue
awodey:5.5:cor29	PARTIAL	#428	5	also covered by existing issue
awodey:5.5:remark-hom-coproduct	PARTIAL	#428	5	MULTI-PART leg 1/2 (sanctioned, see schemas.md): the hom-out-of-a-coproduct isomorphism C(-|-|a_j, c) = product C(a_j, c) -> #428's work item 3
awodey:5.5:remark-hom-coproduct	PARTIAL	#654	5	MULTI-PART leg 2/2 (sanctioned, see schemas.md): the ultrafilter corollary, which needs #654's Bool/ultrafilter machinery
awodey:5.6:def31	PARTIAL	#406	5	also covered by existing issue
awodey:5.6:prop32	ABSENT	#411	5	also covered by existing issue
awodey:5.6:example30	ABSENT	#561	5	also covered by existing issue
awodey:5.6:remark-ab-coproduct	PARTIAL	#561	5	also covered by existing issue
awodey:5.6:construction-covariant-powerset	ABSENT	#227	5	also covered by existing issue
awodey:5:ex3	ABSENT	#326	5	also covered by existing issue
awodey:5:ex5	PARTIAL	#326	5	also covered by existing issue
awodey:5.1:prop-equivalent-subobjects-iso	PRESENT	-	-	Theory/Subobject.v:93 sub_equiv_iff_mutual
awodey:5.2:construction-inverse-image	PRESENT	-	-	Theory/Subobject/Functor.v:35 sub_reindex
awodey:5.2:def5	PRESENT	-	-	Structure/Pullback.v:161 Pullback
awodey:5.2:prop-pullback-of-mono	PRESENT	-	-	Theory/Morphisms/Stability.v:226 monic_pullback_stable
awodey:5.2:prop-pullback-unique	PRESENT	-	-	Theory/Morphisms/Stability.v:329 pullback_transport (fess F2: repointed from the Qed-opaque Structure/Pullback.v:182 pullback_unique, which does NOT carry the projection triangles)
awodey:5.3:lem10	PRESENT	-	-	Theory/Morphisms/Stability.v:106 pullback_paste (+ :160 pullback_unpaste) [fess repoint: :53 IsPullback is the bare predicate record, asserts nothing about pasting]
awodey:5.3:prop12	PRESENT	-	-	Construction/Slice/Pullback.v:67 Star_Functor
awodey:5.4:def17	PRESENT	-	-	Instance/Cones.v:29 Cones (cone morphisms + the category) [fess repoint: Structure/Cone.v:24 ACone covers only 1 of Def 5.17's 4 parts; secondary Structure/Cone.v:24/:51]
awodey:5.4:example19	PRESENT	-	-	Structure/Limit/Cartesian.v:39 Cartesian_Limit
awodey:5.4:example20	PRESENT	-	-	Structure/Equalizer/Fork.v:225 equalizer_is_equalizer (+ :273 is_equalizer_limit) [fess repoint: Structure/Equalizer.v:120 is a bare alias Equalizer F := Limit F, a name not the content]
awodey:5.4:example21	PRESENT	-	-	Structure/Limit/Terminal.v:33 Terminal_Limit
awodey:5.4:example22	PRESENT	-	-	Structure/Pullback/Limit.v:68 Pullback_to_Universal (+ :113 Pullback_from_Universal) [fess repoint: :54 is a bare alias (ledger had :52, a comment); the alias is a name not the content]
awodey:5.5:construction-contravariant-representable	PRESENT	-	-	Functor/Hom.v:146 Curried_CoHom
awodey:5.5:def28	PRESENT	-	-	Functor/Opposite.v:56 contramap (+ :31 Opposite_Functor) [fess repoint: ledger cited :52, a COMMENT line. NOTE: Def 5.28's composition-reversal clause has NO in-tree lemma — see contramap_comp gap]
awodey:5.6:construction-pushout-sets	PRESENT	-	-	Instance/Sets/Pushout.v:185 Sets_HasPushouts (apex+injections+square+UMP) [fess repoint: :51 pushout_eq is the relation only, does not establish it IS the pushout; :51 secondary]
awodey:5.6:def-colimit	PARTIAL	#417	5	also covered by existing issue (fess F1: dual of def18; colimit half of cone-category packaging)
awodey:5:ex2	PRESENT	-	-	Theory/Morphisms/Stability.v:226 monic_pullback_stable
awodey:5.5:def28-laws	ABSENT	#679	5	Awodey Def 5.28 composition-reversal clause: no contramap_comp/contramap_id in-tree (fess PRESENT-recheck residual)
awodey:6.2:example4	ABSENT	#680	5	Awodey 6.2: Pos is cartesian closed — the componentwise product and the pointwise-ordered monotone function space
awodey:6.2:example5	ABSENT	#681	5	Awodey 6.2/6.6 Ex 4: ω-CPOs are cartesian closed, and strict ω-CPOs are not
awodey:6:ex4	ABSENT	#681	5	Awodey 6.2/6.6 Ex 4: ω-CPOs are cartesian closed, and strict ω-CPOs are not
awodey:6.2:construction-eta	PARTIAL	#682	5	Awodey 6.2/6.6 Ex 3: The unit of the currying adjunction (− × B) ⊣ (−)^B, and the global points of an exponential
awodey:6:ex3	PARTIAL	#682	5	Awodey 6.2/6.6 Ex 3: The unit of the currying adjunction (− × B) ⊣ (−)^B, and the global points of an exponential
awodey:6.3:def7	PARTIAL	#683	5	Awodey 6.3: Heyting algebras — the class, the poset exponential UMP, and negation
awodey:6.3:remark-ha-ump-equivalence	PARTIAL	#683	5	Awodey 6.3: Heyting algebras — the class, the poset exponential UMP, and negation
awodey:6.3:def-heyting-negation	ABSENT	#683	5	Awodey 6.3: Heyting algebras — the class, the poset exponential UMP, and negation
awodey:6.3:remark-complete-iff-cocomplete	ABSENT	#684	5	Awodey 6.3: Complete lattices — meets give joins, and the infinite distributive law as the Heyting criterion
awodey:6.3:prop9	ABSENT	#684	5	Awodey 6.3: Complete lattices — meets give joins, and the infinite distributive law as the Heyting criterion
awodey:6.3:example10	ABSENT	#685	5	Awodey 6.3: Powersets and open-set lattices as complete Heyting algebras, and the failure of the Boolean laws
awodey:6.3:remark-ha-not-boolean	ABSENT	#685	5	Awodey 6.3: Powersets and open-set lattices as complete Heyting algebras, and the failure of the Boolean laws
awodey:6.3:def-ipc	PARTIAL	#686	5	Awodey 6.3: The full IPC entailment calculus and the Lindenbaum–Tarski Heyting algebra
awodey:6.3:construction-lindenbaum-tarski	ABSENT	#686	5	Awodey 6.3: The full IPC entailment calculus and the Lindenbaum–Tarski Heyting algebra
awodey:6.3:prop11	ABSENT	#686	5	Awodey 6.3: The full IPC entailment calculus and the Lindenbaum–Tarski Heyting algebra
awodey:6.3:remark-positive-fragment	PARTIAL	#686	5	Awodey 6.3: The full IPC entailment calculus and the Lindenbaum–Tarski Heyting algebra
awodey:6.3:remark-ipc-derived-rules	PARTIAL	#687	5	Awodey 6.3/6.6 Ex 5: Derived entailment rules and the three implication axioms of positive IPC
awodey:6.3:remark-positive-ipc-axioms	PARTIAL	#687	5	Awodey 6.3/6.6 Ex 5: Derived entailment rules and the three implication axioms of positive IPC
awodey:6:ex5	ABSENT	#687	5	Awodey 6.3/6.6 Ex 5: Derived entailment rules and the three implication axioms of positive IPC
awodey:6.3:remark-ha-presentation-ump	ABSENT	#688	5	Awodey 6.3: Heyting algebras presented by generators and relations — the universal property of HA(L)
awodey:6.4:prop12	PARTIAL	#689	5	Awodey 6.4: The equational characterization of cartesian closed categories
awodey:6.5:def-typed-lambda-calculus	PARTIAL	#690	5	Awodey 6.5: The typed λ-calculus over a signature, and λ-theories with a provable-equality judgement
awodey:6.5:def-lambda-theory	PARTIAL	#690	5	Awodey 6.5: The typed λ-calculus over a signature, and λ-theories with a provable-equality judgement
awodey:6.5:construction-category-of-types	PARTIAL	#691	5	Awodey 6.5: The category of types C(L) of a λ-theory, and its cartesian closed structure
awodey:6.5:prop-category-of-types-ccc	PARTIAL	#691	5	Awodey 6.5: The category of types C(L) of a λ-theory, and its cartesian closed structure
awodey:6.5:def-model-in-ccc	PARTIAL	#692	5	Awodey 6.5: Models of a λ-theory in a cartesian closed category, and the λ-theory of monoids
awodey:6.5:example-monoid-theory	PARTIAL	#692	5	Awodey 6.5: Models of a λ-theory in a cartesian closed category, and the λ-theory of monoids
awodey:6.5:prop-cl-universal-property	PARTIAL	#693	5	Awodey 6.5: The universal property of C(L) — the free cartesian closed category on a λ-theory
awodey:6.5:prop13	ABSENT	#694	5	Awodey 6.5/6.6 Ex 6: Completeness of the λ-calculus for cartesian closed models, and the degeneracy of Sets-models
awodey:6.5:remark-sets-incomplete	ABSENT	#694	5	Awodey 6.5/6.6 Ex 6: Completeness of the λ-calculus for cartesian closed models, and the degeneracy of Sets-models
awodey:6:ex6	ABSENT	#694	5	Awodey 6.5/6.6 Ex 6: Completeness of the λ-calculus for cartesian closed models, and the degeneracy of Sets-models
awodey:6.5:construction-internal-language	ABSENT	#695	5	Awodey 6.5: The internal language L(C) of a cartesian closed category, and the isomorphism C(L(C)) ≅ C
awodey:6.5:prop-lambda-ccc-equivalence	ABSENT	#695	5	Awodey 6.5: The internal language L(C) of a cartesian closed category, and the isomorphism C(L(C)) ≅ C
awodey:6:ex2	ABSENT	#696	5	Awodey 6.6 Ex 2: The category of monoids is not cartesian closed
awodey:6.3:construction-boolean-exponential	PARTIAL	#389	5	also covered by existing issue
awodey:6.1:construction-exponential-in-sets	PRESENT	-	-	Instance/Sets/Cartesian/Closed.v:38 Sets_Closed; Instance/Sets/Cartesian/Closed.v:24 (header); Structure/Cartesian/Closed.v:75 eval
awodey:6.1:def1	PRESENT	-	-	Structure/Cartesian/Closed.v:43 Closed; Structure/Cartesian/Closed.v:58 (comment on ump_exponents'); Structure/Cartesian/Closed.v:107 uncurry_curry
awodey:6.1:remark-transposition-bijection	PRESENT	-	-	Structure/Cartesian/Closed.v:51 exp_iso; Structure/Cartesian/Closed.v:101 curry_uncurry; Structure/Cartesian/Closed.v:107 uncurry_curry
awodey:6.2:def2	PRESENT	-	-	Structure/Cartesian.v:121 Class Cartesian; Structure/Cartesian/Closed.v:43 Class Closed; Structure/Terminal.v:107 Class Terminal [fess repoint: the 3 prior slots were a Context line, a header COMMENT, and a Context introduced 344 lines after the class — none asserts cartesian closedness. NOTE: the library has NO bundled CCC class; it encodes CCC as this typeclass conjunction]
awodey:6.2:example3	PRESENT	-	-	Instance/Sets/Cartesian/Closed.v:38 Sets_Closed; Instance/FinSet/Closed.v:132 FinSet_Closed; Instance/Sets/Cartesian.v:32 Sets_Cartesian [fess repoint: Awodey Ex 6.3 asserts BOTH Sets and Sets_fin are CCC; the prior 3 slots all covered the Sets half and left the FinSet half uncited]
awodey:6.2:prop6	PRESENT	-	-	Functor/Hom/Internal.v:40 InternalHomFunctor; Functor/Hom/Internal.v:34-38 (the adjointness sentence); Functor/Bifunctor.v:80 bimap_comp_id_left [fess repoint: prior evidence[1] cited :29, a BLANK LINE. PRESENT holds by SUBSUMPTION — the bifunctor C^op ∏ C ⟶ C is strictly stronger than Awodey's (−)^A, which is nowhere named in-tree though derivable via Cat_Closed currying]
awodey:6.2:remark-transpose-of-evaluation	PRESENT	-	-	Structure/Cartesian/Closed.v:133 curry_eval; Structure/Cartesian/Closed.v:75 eval; Structure/Cartesian/Closed.v:56 eval' (class field, with comment)
awodey:6.3:def8	PRESENT	-	-	Structure/Complete.v:115 Complete; Structure/Complete.v:119 Cocomplete; Instance/Poset.v:116 Poset
awodey:6.3:prop-heyting-distributive	PRESENT	-	-	Structure/BiCCC.v:90 prod_coprod_r; Structure/BiCCC.v:46 prod_coprod_l; Structure/BiCCC.v:257 BiCCC_Distributive
awodey:6.3:remark-implication-distributes	PRESENT	-	-	Structure/Cartesian/Closed.v:310 exp_prod_r; Structure/Cartesian/Closed.v:44 exponent_obj; Instance/Props.v:94 Props_Closed
awodey:6.3:remark-implication-monotone	PRESENT	-	-	Functor/Hom/Internal.v:40 InternalHomFunctor; Structure/Closed.v:124 Curry; Instance/Props.v:94 Props_Closed
awodey:6:ex1	PRESENT	-	-	Structure/Cartesian/Closed.v:310 exp_prod_r; Structure/Cartesian/Closed.v:257 exp_prod_l; Theory/Algebra.v:87 (unnamed Goal)
awodey:7.1:def1	PARTIAL	#697	5	Awodey 7.1: Injectivity and surjectivity of a functor on objects and on arrows
awodey:7.1:construction-codiagonal	PARTIAL	#697	5	Awodey 7.1: Injectivity and surjectivity of a functor on objects and on arrows
awodey:7.1:example2	PARTIAL	#698	5	Awodey 7.1: Monoids, groups, posets and sets embed fully and faithfully in Cat
awodey:7.2:example4	PARTIAL	#699	5	Awodey 7.2: Hom(X,2) as a Boolean algebra and the powerset as a functor Sets^op ⟶ BA
awodey:7.3:construction-ult-functor	ABSENT	#700	5	Awodey 7.3: The ultrafilter functor Ult : BA^op ⟶ Sets and the covariant ultrafilter endofunctor on Sets
awodey:7.3:construction-covariant-ultrafilter-functor	ABSENT	#700	5	Awodey 7.3: The ultrafilter functor Ult : BA^op ⟶ Sets and the covariant ultrafilter endofunctor on Sets
awodey:7.3:remark-ult-powerset-not-inverse	ABSENT	#700	5	Awodey 7.3: The ultrafilter functor Ult : BA^op ⟶ Sets and the covariant ultrafilter endofunctor on Sets
awodey:7.3:construction-stone-representation	ABSENT	#701	5	Awodey 7.3: The Stone representation φ_B : B → P(Ult(B)) and the Stone representation theorem
awodey:7.3:prop5	ABSENT	#701	5	Awodey 7.3: The Stone representation φ_B : B → P(Ult(B)) and the Stone representation theorem
awodey:7:ex2	ABSENT	#701	5	Awodey 7.3: The Stone representation φ_B : B → P(Ult(B)) and the Stone representation theorem
awodey:7.9:prop30	ABSENT	#702	5	Awodey 7.9: Finite Stone duality — BA_fin is equivalent to Sets_fin^op
awodey:7.9:lem31	ABSENT	#702	5	Awodey 7.9: Finite Stone duality — BA_fin is equivalent to Sets_fin^op
awodey:7.9:lem32	ABSENT	#702	5	Awodey 7.9: Finite Stone duality — BA_fin is equivalent to Sets_fin^op
awodey:7:ex7	ABSENT	#702	5	Awodey 7.9: Finite Stone duality — BA_fin is equivalent to Sets_fin^op
awodey:7.9:example29	PARTIAL	#702	5	Awodey 7.9: Finite Stone duality — BA_fin is equivalent to Sets_fin^op
awodey:7.9:remark-caba	ABSENT	#703	5	Awodey 7.9: Complete atomic Boolean algebras and the discrete Stone duality caBA ≃ Sets^op
awodey:7.5:construction-sets-double-dual	ABSENT	#704	5	Awodey 7.5: The contravariant powerset functor on Sets, the double-powerset unit, and P(A+B) ≅ P(A) × P(B)
awodey:7:ex9	ABSENT	#704	5	Awodey 7.5: The contravariant powerset functor on Sets, the double-powerset unit, and P(A+B) ≅ P(A) × P(B)
awodey:7:ex1	PARTIAL	#704	5	Awodey 7.5: The contravariant powerset functor on Sets, the double-powerset unit, and P(A+B) ≅ P(A) × P(B)
awodey:7.7:example17	PARTIAL	#705	5	Awodey 7.7: The category of directed graphs as the functor category Sets^Γ
awodey:7.7:example19	PARTIAL	#706	5	Awodey 7.7: The functor category of two posets is the exponential poset, and Pos ⟶ Cat preserves cartesian closed structure
awodey:7.7:prop20	ABSENT	#706	5	Awodey 7.7: The functor category of two posets is the exponential poset, and Pos ⟶ Cat preserves cartesian closed structure
awodey:7.7:prop22	ABSENT	#707	5	Awodey 7.7: The category Grpd of groupoids is cartesian closed and its inclusion into Cat preserves the structure
awodey:7.9:prop27	ABSENT	#708	5	Awodey 7.9: The category of partial maps is equivalent to the category of pointed sets
awodey:7.9:example28	PARTIAL	#709	5	Awodey 7.9: The equivalence Sets^I ≃ Sets/I and reindexing as pullback
awodey:7:ex13	ABSENT	#709	5	Awodey 7.9: The equivalence Sets^I ≃ Sets/I and reindexing as pullback
awodey:7:ex3	PARTIAL	#710	5	Awodey 7.10 Ex 3: The forgetful functors Grp ⟶ Mon ⟶ Sets — fullness, faithfulness and (non-)surjectivity
awodey:7:ex4	ABSENT	#711	5	Awodey 7.10 Ex 4: The Alexandroff topology as a functor Pos ⟶ Top
awodey:7:ex5	ABSENT	#712	5	Awodey 7.10 Ex 5: The full-image factorization of a functor, and its comparison with the bijective-on-objects factorization
awodey:7.1:construction-cat-equalizer	ABSENT	#414	5	also covered by existing issue
awodey:7.1:remark-cat-complete	PARTIAL	#414	5	also covered by existing issue
awodey:7.1:construction-linear-representation	ABSENT	#279	5	also covered by existing issue
awodey:7.1:construction-poset-to-group	ABSENT	#234	5	also covered by existing issue
awodey:7.2:def-generator	PARTIAL	#447	5	also covered by existing issue
awodey:7.2:construction-free-group-natural-iso	ABSENT	#442	5	also covered by existing issue
awodey:7.2:remark-representables-preserve-limits	ABSENT	#428	5	also covered by existing issue
awodey:7.2:example3	PARTIAL	#341	5	also covered by existing issue
awodey:7.2:remark-equational-structure-transfers	PARTIAL	#341	5	also covered by existing issue
awodey:7.2:construction-continuous-real-functions-ring	ABSENT	#275	5	also covered by existing issue
awodey:7.3:def-ultrafilter	ABSENT	#654	5	also covered by existing issue
awodey:7.3:remark-ultrafilter-maximality	ABSENT	#654	5	also covered by existing issue
awodey:7.5:example7	PARTIAL	#296	5	also covered by existing issue
awodey:7.5:example12	PARTIAL	#237	5	also covered by existing issue
awodey:7.6:lem14	PARTIAL	#270	5	also covered by existing issue
awodey:7.7:example15	PARTIAL	#277	5	also covered by existing issue
awodey:7.7:example16	PARTIAL	#271	5	also covered by existing issue
awodey:7.7:example21	ABSENT	#241	5	also covered by existing issue
awodey:7.7:def-groupoid	PARTIAL	#248	5	also covered by existing issue
awodey:7.8:example23	PARTIAL	#238	5	also covered by existing issue
awodey:7.8:remark-setsfin-ordfin	PARTIAL	#238	5	also covered by existing issue
awodey:7.9:example26	PARTIAL	#261	5	also covered by existing issue
awodey:7:ex6	PARTIAL	#369	5	also covered by existing issue
awodey:7:ex11	ABSENT	#374	5	also covered by existing issue
awodey:7:ex12	ABSENT	#374	5	also covered by existing issue
awodey:7.1:def-full-subcategory	PARTIAL	#712	5	fess-aw7 MEDIUM-4 downgrade: Full class + Full_Implies_Full_Functor present, but generic Faithful Incl (= defect A20) and BOTH illustrations (Sets_fin/Groups into Sets) absent
awodey:7.1:def-subcategory	PRESENT	-	-	Construction/Subcategory.v:31 Subcategory; Construction/Subcategory.v:50 Sub; Construction/Subcategory.v:59 Incl
awodey:7.2:construction-representable-contravariant	PRESENT	-	-	Functor/Hom.v:60 Curried_Hom; Functor/Hom/Yoneda.v:133 Yoneda_Lemma; Functor/Hom.v:49 Hom
awodey:7.2:construction-representable-covariant	PRESENT	-	-	Functor/Hom.v:60 Curried_Hom; Functor/Hom.v:49 Hom
awodey:7.4:construction-associativity-natural	PRESENT	-	-	Structure/Monoidal/Internal/Product.v:54 CC_Monoidal; Structure/Monoidal.v:146 to_tensor_assoc_natural; Structure/Cartesian.v:485 prod_assoc
awodey:7.4:def6	PRESENT	-	-	Theory/Natural/Transformation.v:113 Transform; Theory/Natural/Transformation.v:129 Build_Transform'
awodey:7.5:construction-twist	PRESENT	-	-	Structure/Monoidal/Internal/Product.v:190 CC_BraidedMonoidal; Structure/Monoidal/Braided.v:133 braid_natural; Structure/Monoidal/Internal/Product.v:314 CC_SymmetricMonoidal
awodey:7.5:def10	PRESENT	-	-	Instance/Fun.v:255 Functor_Setoid_Nat_Iso; Theory/Isomorphism.v:113 Isomorphism
awodey:7.5:def9	PRESENT	-	-	Instance/Fun.v:108 Fun; Theory/Natural/Transformation.v:231 nat_compose; Theory/Natural/Transformation.v:220 nat_id
awodey:7.5:example8	PRESENT	-	-	Instance/Fun/Cartesian.v:111 Functor_Category_Cartesian; Structure/Cartesian.v:429 exr_split
awodey:7.5:lem11	PRESENT	-	-	Instance/Fun.v:255 Functor_Setoid_Nat_Iso; Theory/Functor.v:148 Functor_Setoid
awodey:7.6:prop13	PRESENT	-	-	Instance/Cat/Cartesian/Closed.v:47 Cat_Closed; Instance/Cat/Cartesian.v:39 Cat_Cartesian; Structure/Cartesian/Closed.v:78 ump_exponents
awodey:7.7:example18	PRESENT	-	-	Structure/Cone/Const.v:53 Cone_Natural_Transform; Functor/Diagonal.v:33 Diagonal; Instance/Cones/Comma.v:73 Cones_Comma
awodey:7.8:def24	PRESENT	-	-	Theory/Equivalence.v:151 EquivalenceOfCategories; Theory/Equivalence.v:268 Nat_Isos_to_Equivalence; Theory/Equivalence.v:163 Equivalence_to_Cat_Iso
awodey:7.8:prop25	PRESENT	-	-	Theory/Equivalence/FullFaithful.v:160 FF_ESO_Equivalence; Theory/Equivalence/FullFaithful.v:214 Equivalence_Full; Theory/Equivalence/FullFaithful.v:171 Equivalence_Faithful
awodey:7:ex10	PRESENT	-	-	Functor/Hom.v:49 Hom; Functor/Hom.v:60 Curried_Hom; Functor/Hom.v:146 Curried_CoHom
awodey:7:ex8	PRESENT	-	-	Instance/Fun/Cartesian.v:111 Functor_Category_Cartesian
awodey:8.2:construction-hom-bifunctor-transposes	PARTIAL	#713	5	Awodey 8.2: The hom-bifunctor and its two exponential transposes in Cat
awodey:8.2:construction-poset-lower-sets	ABSENT	#714	5	Awodey 8.2/8.4: Lower sets, the principal-down-set embedding, and the thin-category Yoneda criterion
awodey:8.4:remark-yoneda-propositional-calculus	PARTIAL	#714	5	Awodey 8.2/8.4: Lower sets, the principal-down-set embedding, and the thin-category Yoneda criterion
awodey:8.6:prop8	ABSENT	#715	5	Awodey 8.6: Colimits in a functor category are pointwise, and presheaf categories are cocomplete
awodey:8.6:cor9	ABSENT	#715	5	Awodey 8.6: Colimits in a functor category are pointwise, and presheaf categories are cocomplete
awodey:8.6:remark-elements-slice-equivalence	ABSENT	#716	5	Awodey 8.6: The category of elements is equivalent to the Yoneda slice y/P
awodey:8.6:prop11	ABSENT	#717	5	Awodey 8.6: The Yoneda embedding is the free cocompletion of a small category
awodey:8.7:def-presheaf-exponential	ABSENT	#718	5	Awodey 8.7: Exponentials of presheaves and cartesian closure of Sets^(C^op)
awodey:8.7:prop13	ABSENT	#718	5	Awodey 8.7: Exponentials of presheaves and cartesian closure of Sets^(C^op)
awodey:8.7:thm14	PARTIAL	#718	5	Awodey 8.7: Exponentials of presheaves and cartesian closure of Sets^(C^op)
awodey:8.7:lem12	PARTIAL	#719	5	Awodey 8.7/8.9 Ex 5: (− × B) as a left adjoint, and its preservation of all colimits
awodey:8:ex5	PARTIAL	#719	5	Awodey 8.7/8.9 Ex 5: (− × B) as a left adjoint, and its preservation of all colimits
awodey:8:ex4	PARTIAL	#720	5	Awodey 8.9 Ex 4: The Yoneda embedding preserves products and exponentials
awodey:8.8:remark-sub-representable	PARTIAL	#721	5	Awodey 8.8: The subobject functor is representable — naturality of the classifying bijection and uniqueness of Ω
awodey:8.8:remark-topos-properties	ABSENT	#722	5	MULTI-PART leg 2/2: every slice of a topos is again a topos -> #722
awodey:8:ex6	ABSENT	#723	5	Awodey 8.9 Ex 6: The subobject classifiers of Sets^2 and Sets^ω, and finite-set diagrams as a topos
awodey:8.1:construction-evaluation-functor	PARTIAL	#424	5	also covered by existing issue
awodey:8.1:example-graphs	PARTIAL	#705	5	also covered by existing issue
awodey:8.2:def-embedding	PARTIAL	#697	5	also covered by existing issue
awodey:8.3:prop-yoneda-injective-objects	ABSENT	#697	5	also covered by existing issue
awodey:8.2:construction-cayley	PARTIAL	#643	5	also covered by existing issue
awodey:8.3:lem2	PARTIAL	#316	5	also covered by existing issue
awodey:8.3:remark4	PARTIAL	#253	5	also covered by existing issue
awodey:8.5:prop7	PARTIAL	#425	5	also covered by existing issue
awodey:8.6:prop10	PARTIAL	#346	5	also covered by existing issue
awodey:8.6:construction-category-of-elements	PARTIAL	#345	5	also covered by existing issue
awodey:8.7:remark-pointwise-exponential-fails	ABSENT	#392	5	also covered by existing issue
awodey:8.8:prop17	PARTIAL	#404	5	also covered by existing issue
awodey:8.8:def-sieve	ABSENT	#403	5	also covered by existing issue
awodey:8.8:construction-omega-sieves	ABSENT	#403	5	also covered by existing issue
awodey:8.8:remark-topos-properties	ABSENT	#405	5	MULTI-PART leg 1/2: the topos-properties list -> #405
awodey:8.8:remark18	PARTIAL	#671	5	MULTI-PART leg 1/2: the membership criterion (subobject <-> char) -> #671
awodey:8.8:remark18	PARTIAL	#387	5	MULTI-PART leg 2/2 RE-HOMED to #387 on audit (topos-level adjoint triple; #384 is powerset-level and delegates this)
awodey:8.1:construction-set-valued-functor-category	PRESENT	-	-	Instance/Fun.v:108 Fun; Theory/Natural/Transformation.v:231 nat_compose; Theory/Natural/Transformation.v:113 Transform
awodey:8.2:def1	PRESENT	-	-	Functor/Hom.v:60 Curried_Hom; Functor/Hom/Yoneda.v:231 Yoneda_Embedding
awodey:8.3:thm3	PRESENT	-	-	Functor/Hom.v:96 Yoneda_Full; Functor/Hom.v:85 Yoneda_Faithful; Functor/Hom/Yoneda.v:231 Yoneda_Embedding
awodey:8.4:cor5	PRESENT	-	-	Theory/Functor.v:355 FullyFaithful; Functor/Hom.v:96 Yoneda_Full; Functor/Hom.v:85 Yoneda_Faithful
awodey:8.4:example-ccc-exponential-law	PRESENT	-	-	Structure/Cartesian/Closed.v:257 exp_prod_l
awodey:8.4:prop6	PRESENT	-	-	Structure/BiCCC.v:90 prod_coprod_r; Structure/BiCCC.v:257 BiCCC_Distributive; Structure/BiCCC.v:46 prod_coprod_l
awodey:8.4:remark-ideal-elements	PRESENT	-	-	Functor/Hom/Yoneda.v:231 Yoneda_Embedding; Functor/Hom.v:109 Yoneda_Embedding'
awodey:8.5:construction-constant-functor	PRESENT	-	-	Functor/Diagonal.v:33 Diagonal; Structure/Cone/Const.v:53 Cone_Natural_Transform
awodey:8.5:def-complete	PRESENT	-	-	Structure/Complete.v:115 Complete; Structure/Limit.v:113 Limit; Structure/Cone/Const.v:53 Cone_Natural_Transform
awodey:8.6:def-cocomplete	PRESENT	-	-	Structure/Complete.v:119 Cocomplete; Structure/Limit.v:113 Limit
awodey:8.8:def15	PRESENT	-	-	Structure/SubobjectClassifier.v:44 SubobjectClassifier; Structure/SubobjectClassifier.v:187 classifier_classifies
awodey:8.8:def16	PRESENT	-	-	Structure/Topos.v:112 ElementaryTopos
awodey:8:ex1	PRESENT	-	-	Theory/Functor.v:355 FullyFaithful; Theory/Functor.v:227 fobj_iso
awodey:8:ex2	PRESENT	-	-	Structure/Cartesian/Closed.v:310 exp_prod_r; Structure/BiCCC.v:134 exp_coprod
awodey:8:ex3	PRESENT	-	-	Instance/Fun/Cartesian.v:111 Functor_Category_Cartesian
awodey:9.1:example2	PARTIAL	#724	5	Awodey 9.1/9.9 Ex 3: Binary products and coproducts from an adjoint to the diagonal functor
awodey:9:ex3	PARTIAL	#724	5	part: converse clauses — products/coproducts from an adjoint to Δ
awodey:9.1:example3	ABSENT	#725	5	Awodey 9.1: The lower-set completion is left adjoint to the forgetful functor from cocomplete posets
awodey:9.2:prop4	PARTIAL	#726	5	Awodey 9.2/9.8: Recovering universal arrows from an adjunction — each unit component is initial in the comma category
awodey:9.8:construction-comma-x-u	PARTIAL	#726	5	Awodey 9.2/9.8: Recovering universal arrows from an adjunction — each unit component is initial in the comma category
awodey:9.4:example11	ABSENT	#727	5	Awodey 9.4: The interior operator as a right adjoint to the inclusion of open sets
awodey:9.5:construction-quantifiers-adjoints	ABSENT	#728	5	Awodey 9.5: Quantifiers as adjoints to weakening — a syntactic hyperdoctrine and its geometric reading
awodey:9.5:construction-geometric-quantifiers	ABSENT	#728	5	Awodey 9.5: Quantifiers as adjoints to weakening — a syntactic hyperdoctrine and its geometric reading
awodey:9.7:construction-change-of-base	PARTIAL	#729	5	Awodey 9.7: Change of base for indexed families of sets — the adjoint triple with its fibrewise formulas
awodey:9.7:construction-sum-delta-product	PARTIAL	#729	5	Awodey 9.7: Change of base for indexed families of sets — the adjoint triple with its fibrewise formulas
awodey:9.7:prop18	PARTIAL	#730	5	part: right-adjoint leg — the dependent product
awodey:9.7:construction-slice-adjoints-explicit	PARTIAL	#730	5	Awodey 9.7: The dependent product — the right adjoint to base change on slices
awodey:9.7:construction-product-exponential-factorization	PARTIAL	#730	5	Awodey 9.7: The dependent product — the right adjoint to base change on slices
awodey:9.7:remark21	ABSENT	#731	5	Awodey 9.7: Structure on slice categories — the domain functor, products from pullbacks, and C ≅ C/1
awodey:9.7:def19	ABSENT	#732	5	Awodey 9.7: Locally cartesian closed categories, and the equivalence with slicewise cartesian closure
awodey:9.7:prop20	ABSENT	#732	5	Awodey 9.7: Locally cartesian closed categories, and the equivalence with slicewise cartesian closure
awodey:9.7:lem23	ABSENT	#733	5	Awodey 9.7: A slice of a presheaf category is again a presheaf category
awodey:9.7:example22	ABSENT	#734	5	Awodey 9.7: Presheaf categories are locally cartesian closed
awodey:9.7:cor24	ABSENT	#734	5	Awodey 9.7: Presheaf categories are locally cartesian closed
awodey:9.7:example25	ABSENT	#735	5	Awodey 9.7: Fibrations of posets — the category Fib, and Fib/P as a locally cartesian closed category
awodey:9.7:lem26	ABSENT	#735	5	Awodey 9.7: Fibrations of posets — the category Fib, and Fib/P as a locally cartesian closed category
awodey:9.7:cor27	ABSENT	#735	5	Awodey 9.7: Fibrations of posets — the category Fib, and Fib/P as a locally cartesian closed category
awodey:9.8:cor31	PARTIAL	#736	5	Awodey 9.8: Smallness discharges the solution-set condition — the adjoint functor theorem for small complete categories
awodey:9.8:example32	PARTIAL	#737	5	Awodey 9.8: The adjoint functor theorem for complete posets — a join-preserving monotone map has a right adjoint
awodey:9.8:example39	ABSENT	#738	5	Awodey 9.8/9.9 Ex 10: Recursion from a natural numbers object — arithmetic, functor iteration, and exponentiation in a cartesian closed category
awodey:9:ex10	ABSENT	#738	5	Awodey 9.8/9.9 Ex 10: Recursion from a natural numbers object — arithmetic, functor iteration, and exponentiation in a cartesian closed category
awodey:9:ex8	PARTIAL	#739	5	Awodey 9.9 Ex 8: Indexed sets, change of base, and Lawvere's hyperdoctrine diagram
awodey:9.1:construction-free-monoid-adjunction	PARTIAL	#296	5	also covered by existing issue
awodey:9:ex2	ABSENT	#296	5	also covered by existing issue
awodey:9.2:cor5	PARTIAL	#347	5	also covered by existing issue
awodey:9.3:example7	PARTIAL	#719	5	also covered by existing issue
awodey:9.3:example8	PARTIAL	#353	5	also covered by existing issue
awodey:9.3:construction-coproduct-diagonal	ABSENT	#351	5	also covered by existing issue
awodey:9.3:construction-limit-colimit-adjoints	PARTIAL	#353	5	also covered by existing issue
awodey:9:ex3	PARTIAL	#353	5	part: final clause — both adjoints of Δ into a functor category at Sets
awodey:9.3:example10	ABSENT	#309	5	also covered by existing issue
awodey:9.4:def-order-adjoint-galois	PARTIAL	#380	5	also covered by existing issue
awodey:9.4:example12	PARTIAL	#382	5	part: direct-image leg im(f) ⊣ f⁻¹
awodey:9.4:example12	PARTIAL	#384	5	part: dual-image leg f⁻¹ ⊣ f_*
awodey:9.4:example13	PARTIAL	#683	5	part: Heyting-structure legs (meets, joins, implication, bounds)
awodey:9.4:example13	PARTIAL	#686	5	part: metatheoretic clause — completeness for IPC
awodey:9.6:remark-adjoint-strings	ABSENT	#357	5	also covered by existing issue
awodey:9.6:remark-rapl-distributivity	PARTIAL	#719	5	part: indexed distributivity leg
awodey:9.6:remark-rapl-distributivity	PARTIAL	#384	5	part: quantifier leg (∀ preserves meets, ∃ preserves joins)
awodey:9.6:remark-adjoint-existence-tests	ABSENT	#432	5	also covered by existing issue
awodey:9.6:example15	PARTIAL	#715	5	part: cocompleteness clause
awodey:9.6:example15	PARTIAL	#717	5	part: free-cocompletion clause
awodey:9.6:prop16	ABSENT	#717	5	also covered by existing issue
awodey:9.6:cor17	PARTIAL	#590	5	also covered by existing issue
awodey:9.6:remark-every-functor-has-adjoint	PARTIAL	#348	5	also covered by existing issue
awodey:9.7:remark-slice-indexed-reindexing	ABSENT	#709	5	also covered by existing issue
awodey:9.7:prop18	PARTIAL	#387	5	part: left-adjoint leg — post-composition
awodey:9.7:construction-y-over-P	ABSENT	#716	5	also covered by existing issue
awodey:9.8:thm28	PARTIAL	#436	5	also covered by existing issue
awodey:9.8:lem29	PARTIAL	#435	5	also covered by existing issue
awodey:9.8:remark30	ABSENT	#444	5	also covered by existing issue
awodey:9.8:remark-left-adjoint-representable	ABSENT	#437	5	also covered by existing issue
awodey:9.8:cor33	PARTIAL	#437	5	also covered by existing issue
awodey:9.8:prop34	ABSENT	#423	5	also covered by existing issue
awodey:9.8:remark35	PARTIAL	#453	5	also covered by existing issue
awodey:9.8:def-equational-theory	PARTIAL	#440	5	also covered by existing issue
awodey:9.8:prop36	PARTIAL	#441	5	also covered by existing issue
awodey:9.8:example37	PARTIAL	#441	5	also covered by existing issue
awodey:9.8:def38	ABSENT	#637	5	also covered by existing issue
awodey:9.8:remark-nno-recursion	ABSENT	#637	5	also covered by existing issue
awodey:9:ex4	PARTIAL	#382	5	also covered by existing issue
awodey:9:ex5	PARTIAL	#704	5	also covered by existing issue
awodey:9:ex6	ABSENT	#365	5	also covered by existing issue
awodey:9:ex9	PARTIAL	#443	5	also covered by existing issue
awodey:9.1:def1	PRESENT	-	-	Theory/Universal/Arrow.v:214 AdjunctionFromUniversalArrows; Theory/Universal/Arrow.v:158 universal_arrow_from_UMP; Theory/Universal/Arrow.v:139 ump_universal_arrows
awodey:9.2:def6	PRESENT	-	-	Theory/Adjunction.v:130 Adjunction; Adjunction/Hom.v:72 Adjunction_Hom; Theory/Adjunction.v:264 to_adj_unit
awodey:9.3:prop9	PRESENT	-	-	Theory/Adjunction.v:364 right_adjoint_iso; Theory/Adjunction.v:404 left_adjoint_iso; Theory/Functor.v:148 Functor_Setoid
awodey:9.6:prop14	PRESENT	-	-	Adjunction/Continuity.v:202 right_adjoint_preserves_limits; Adjunction/Continuity.v:223 left_adjoint_preserves_colimits; Adjunction/Continuity.v:183 rapl_is_alimit
awodey:9.6:remark-kan-extensions	PRESENT	-	-	Theory/Kan/Extension.v:222 LeftKan / lan_adjoint; Theory/Kan/Extension.v:140 RightKan / ran_adjoint; Theory/Kan/Extension.v:234 LocalLeftKan / ump_lan
awodey:9:ex1	PRESENT	-	-	Adjunction/Hom.v:154 Adjunction_Hom_to_Transform; Adjunction/Hom.v:116 hom_unit_naturality_consequence; Adjunction/Hom.v:78 hom_unit
awodey:9:ex7	PARTIAL	#683	5	residual clause: left adjoint to (-) ∧ p = co-Heyting subtraction
awodey:10.4:construction-comonad-from-adjunction	PARTIAL	#740	5	Awodey 10.4: The comonad induced by an adjunction, with its counit and comultiplication exposed
awodey:10:ex7	PARTIAL	#740	5	part: general construction — the comonad induced by an adjunction (Ex 7 a/b)
awodey:10.4:def-coalgebra	PARTIAL	#741	5	Awodey 10.4: Comonadic functors — the co-Eilenberg–Moore comparison and the Comonadic predicate
awodey:10:ex7	PARTIAL	#742	5	part: Ex 7(c) — the eventually-fixed-points comonad on sets-with-an-endomorphism
awodey:10.4:construction-adjoint-triple	PARTIAL	#743	5	Awodey 10.4: Adjoint triples — the induced monad, the induced comonad, and T ⊣ G
awodey:10.4:remark-modal-s5	ABSENT	#743	5	Awodey 10.4: Adjoint triples — the induced monad, the induced comonad, and T ⊣ G
awodey:10.4:example-limit-comonad	ABSENT	#744	5	Awodey 10.4: The comonad Δ∘lim on a diagram category, and Sets as its coalgebras
awodey:10.4:example-interior-closure	ABSENT	#745	5	Awodey 10.4/10.6 Ex 8: The interior comonad and the closure monad on the subsets of a space
awodey:10:ex8	ABSENT	#745	5	Awodey 10.4/10.6 Ex 8: The interior comonad and the closure monad on the subsets of a space
awodey:10.5:def-polynomial-functor	ABSENT	#746	5	Awodey 10.5: Pointwise sums of functors and the class of polynomial endofunctors
awodey:10.5:construction-grpstr	PARTIAL	#747	5	Awodey 10.5: Group structures as algebras for 1 + X + X × X, and signatures as polynomial endofunctors
awodey:10.5:example9	PARTIAL	#747	5	Awodey 10.5: Group structures as algebras for 1 + X + X × X, and signatures as polynomial endofunctors
awodey:10.5:lem10	PARTIAL	#748	5	Awodey 10.5/10.6 Ex 2: Lambek's lemma — the initial algebra structure map is an isomorphism
awodey:10:ex2	PARTIAL	#748	5	Awodey 10.5/10.6 Ex 2: Lambek's lemma — the initial algebra structure map is an isomorphism
awodey:10.5:example11	PARTIAL	#749	5	Awodey 10.5: Initial algebras unwound — binary trees, term trees, and length by initiality
awodey:10.5:remark-powerset-no-initial-algebra	ABSENT	#750	5	Awodey 10.5: The covariant powerset functor has no initial algebra (Lambek plus Cantor)
awodey:10.5:cor13	PARTIAL	#751	5	Awodey 10.5: Every polynomial endofunctor on Sets has an initial algebra
awodey:10.5:prop14	ABSENT	#752	5	Awodey 10.5: When endofunctor algebras are monad algebras — the free P-algebra and the three equivalent conditions
awodey:10.5:construction-free-p-algebra	PARTIAL	#752	5	Awodey 10.5: When endofunctor algebras are monad algebras — the free P-algebra and the three equivalent conditions
awodey:10:ex10	PARTIAL	#753	5	Awodey 10.6 Ex 10: The final coalgebra of 1 + A × X — possibly-infinite lists
awodey:10.2:example4	ABSENT	#463	5	also covered by existing issue
awodey:10.2:construction-poset-monad-adjunction	PARTIAL	#463	5	also covered by existing issue
awodey:10.2:example5	ABSENT	#466	5	also covered by existing issue
awodey:10:ex5	ABSENT	#466	5	also covered by existing issue
awodey:10.3:example7	PARTIAL	#471	5	also covered by existing issue
awodey:10:ex6	ABSENT	#471	5	also covered by existing issue
awodey:10.3:construction-comparison-functor	PARTIAL	#482	5	also covered by existing issue
awodey:10.3:remark-kleisli-nonuniqueness	PARTIAL	#476	5	also covered by existing issue
awodey:10.3:example-pos-not-monadic	ABSENT	#469	5	also covered by existing issue
awodey:10.5:remark-nat-initial-algebra	PARTIAL	#252	5	also covered by existing issue
awodey:10:ex1	PARTIAL	#637	5	part: Ex 1(a)-(b) — the NNO/recursion legs
awodey:10:ex1	PARTIAL	#252	5	part: Ex 1(c) only
awodey:10.1:construction-triangle-identities	PRESENT	-	-	Theory/Adjunction.v:280 counit_fmap_unit; Theory/Adjunction.v:288 fmap_counit_unit; Theory/Adjunction.v:264 to_adj_unit
awodey:10.1:prop1	PRESENT	-	-	Adjunction/Natural/Transformation/Universal.v:42 Adjunction_from_Transform; Adjunction/Natural/Transformation/Universal.v:84 Adjunction_to_Transform; Adjunction/Natural/Transformation.v:35 Adjunction_Transform
awodey:10.2:def2	PRESENT	-	-	Theory/Monad.v:92 Monad
awodey:10.2:prop3	PRESENT	-	-	Monad/Comparison.v:123 Adjunction_Induced_Monad; Monad/Adjunction.v:48 Adjunction_Monad; Monad/Adjunction.v:84 Adjunction_Nat_Monad
awodey:10.2:remark-endofunctor-monad	PRESENT	-	-	Monad/Adjunction.v:48 Adjunction_Monad; Monad/Eilenberg/Moore/Adjunction.v:219 EM_Monad_agrees; Monad/Kleisli/Adjunction.v:157 Kleisli_Monad_agrees
awodey:10.3:construction-eilenberg-moore	PRESENT	-	-	Monad/Eilenberg/Moore/Adjunction.v:183 EM_Adjunction; Monad/Eilenberg/Moore/Adjunction.v:79 EM_Free; Monad/Eilenberg/Moore/Adjunction.v:65 EM_Forget
awodey:10.3:def-monadic	PRESENT	-	-	Monad/Comparison.v:273 Monadic; Monad/Monadicity/Examples.v:155 Identity_Monadic
awodey:10.3:def-t-algebra	PRESENT	-	-	Monad/Algebra.v:24 TAlgebra; Monad/Algebra.v:44 TAlgebraHom; Monad/Eilenberg/Moore.v:44 EilenbergMoore
awodey:10.3:prop6	PRESENT	-	-	Monad/Eilenberg/Moore/Adjunction.v:183 EM_Adjunction; Monad/Eilenberg/Moore/Adjunction.v:219 EM_Monad_agrees; Monad/Eilenberg/Moore/Adjunction.v:208 EM_join_agrees
awodey:10.4:def-comonad	PRESENT	-	-	Comonad/Core.v:169 duplicate_duplicate; Comonad/Core.v:160 extract_duplicate; Comonad/Core.v:164 fmap_extract_duplicate
awodey:10.5:construction-initial-algebra-recursion	PRESENT	-	-	Theory/Recursion.v:63 cata_commutes; Theory/Recursion.v:72 cata_unique; Instance/Coq/Lists.v:86 hom_is_fold
awodey:10.5:def8	PRESENT	-	-	Construction/FAlg.v:114 FAlg; Construction/FAlg.v:105 FAlgHom; Monad/Algebra.v:24 TAlgebra
awodey:10.5:prop12	PRESENT	-	-	Theory/Adamek.v:285 adamek; Theory/Adamek.v:107 AdamekData; Theory/Adamek/Corollaries.v:59 adamek_cocomplete
awodey:10:ex3	PRESENT	-	-	Monad/Comparison.v:123 Adjunction_Induced_Monad; Monad/Adjunction.v:48 Adjunction_Monad; Monad/Adjunction.v:84 Adjunction_Nat_Monad
awodey:10:ex4	PRESENT	-	-	Monad/Comparison.v:198 EM_Comparison_Forget; Monad/Comparison.v:151 EM_Comparison_Algebra; Monad/Comparison.v:186 EM_Comparison
awodey:10:ex9	PRESENT	-	-	Monad/Kleisli/Adjunction.v:157 Kleisli_Monad_agrees; Monad/Kleisli/Adjunction.v:125 Kleisli_Adjunction; Monad/Kleisli.v:38 Kleisli
7sketches:1.2.1:def14	ABSENT	#754	6	Seven Sketches 1.2: Partitions of a set, and their correspondence with equivalence relations and surjections
7sketches:1.2.1:ex16	ABSENT	#754	6	Seven Sketches 1.2: Partitions of a set, and their correspondence with equivalence relations and surjections
7sketches:1.2.1:ex17	ABSENT	#754	6	Seven Sketches 1.2: Partitions of a set, and their correspondence with equivalence relations and surjections
7sketches:1.2.1:prop19	ABSENT	#754	6	Seven Sketches 1.2: Partitions of a set, and their correspondence with equivalence relations and surjections
7sketches:1.2.1:ex20	ABSENT	#754	6	Seven Sketches 1.2: Partitions of a set, and their correspondence with equivalence relations and surjections
7sketches:1.2.1:example26	ABSENT	#754	6	Seven Sketches 1.2: Partitions of a set, and their correspondence with equivalence relations and surjections
7sketches:1.2.1:ex27	ABSENT	#754	6	Seven Sketches 1.2: Partitions of a set, and their correspondence with equivalence relations and surjections
7sketches:1.2.2:example49	PARTIAL	#754	6	Seven Sketches 1.2: Partitions of a set, and their correspondence with equivalence relations and surjections
7sketches:1.1.1:construction-systems	PARTIAL	#755	6	Seven Sketches 1.1: The coarseness preorder on partitions, joins as least upper bounds, and the connectivity observation
7sketches:1.1.1:construction-join	PARTIAL	#755	6	Seven Sketches 1.1: The coarseness preorder on partitions, joins as least upper bounds, and the connectivity observation
7sketches:1.1.1:ex4	PARTIAL	#755	6	Seven Sketches 1.1: The coarseness preorder on partitions, joins as least upper bounds, and the connectivity observation
7sketches:1.1.2:construction-order	PARTIAL	#755	6	Seven Sketches 1.1: The coarseness preorder on partitions, joins as least upper bounds, and the connectivity observation
7sketches:1.1.2:ex6	PARTIAL	#755	6	Seven Sketches 1.1: The coarseness preorder on partitions, joins as least upper bounds, and the connectivity observation
7sketches:1.1.2:eq8	PARTIAL	#755	6	Seven Sketches 1.1: The coarseness preorder on partitions, joins as least upper bounds, and the connectivity observation
7sketches:1.2.2:ex42	ABSENT	#755	6	Seven Sketches 1.1: The coarseness preorder on partitions, joins as least upper bounds, and the connectivity observation
7sketches:1.2.2:example52	PARTIAL	#755	6	Seven Sketches 1.1: The coarseness preorder on partitions, joins as least upper bounds, and the connectivity observation
7sketches:1.2.2:ex53	PARTIAL	#755	6	Seven Sketches 1.1: The coarseness preorder on partitions, joins as least upper bounds, and the connectivity observation
7sketches:1.2.3:ex77	ABSENT	#755	6	Seven Sketches 1.1: The coarseness preorder on partitions, joins as least upper bounds, and the connectivity observation
7sketches:1.1.2:ex7	PARTIAL	#756	6	Seven Sketches 1.1: Joins in the two-element order — Cocartesian and Initial structure on _2, and the boolean reading of meet and join
7sketches:1.3.1:example88	PARTIAL	#756	6	Seven Sketches 1.1: Joins in the two-element order — Cocartesian and Initial structure on _2, and the boolean reading of meet and join
7sketches:1.2.3:prop78	PARTIAL	#757	6	Seven Sketches 1.2: Monotone maps into the booleans classify upper sets, with pullback along a monotone map
7sketches:1.2.3:ex79	PARTIAL	#757	6	Seven Sketches 1.2: Monotone maps into the booleans classify upper sets, with pullback along a monotone map
7sketches:1.2.2:example45	PARTIAL	#758	6	part: divisibility clause — the divisibility preorder on the naturals
7sketches:1.2.2:ex46	ABSENT	#758	6	Seven Sketches 1.2: The divisibility preorder on the naturals, with gcd and lcm as meet and join
7sketches:1.3.1:ex90	ABSENT	#758	6	Seven Sketches 1.2: The divisibility preorder on the naturals, with gcd and lcm as meet and join
7sketches:1.1:ex1	PARTIAL	#759	6	Seven Sketches 1.2: The integers and the reals as ordered carriers, with comprehension subsets and structure-preserving maps
7sketches:1.2.1:example9	PARTIAL	#759	6	Seven Sketches 1.2: The integers and the reals as ordered carriers, with comprehension subsets and structure-preserving maps
7sketches:1.2.1:ex10	ABSENT	#759	6	Seven Sketches 1.2: The integers and the reals as ordered carriers, with comprehension subsets and structure-preserving maps
7sketches:1.2.2:example47	ABSENT	#759	6	Seven Sketches 1.2: The integers and the reals as ordered carriers, with comprehension subsets and structure-preserving maps
7sketches:1.2.2:ex48	ABSENT	#759	6	Seven Sketches 1.2: The integers and the reals as ordered carriers, with comprehension subsets and structure-preserving maps
7sketches:1.3.1:ex80	ABSENT	#759	6	Seven Sketches 1.2: The integers and the reals as ordered carriers, with comprehension subsets and structure-preserving maps
7sketches:1.4.1:example97	ABSENT	#760	6	Seven Sketches 1.4: The ceiling/multiplication Galois connection between the integers and the reals
7sketches:1.4.1:ex98	ABSENT	#760	6	Seven Sketches 1.4: The ceiling/multiplication Galois connection between the integers and the reals
7sketches:1.4.1:ex101	ABSENT	#760	6	Seven Sketches 1.4: The ceiling/multiplication Galois connection between the integers and the reals
7sketches:1.3.1:example83	PARTIAL	#761	6	Seven Sketches 1.3: Elementary calculus of meets and joins in a preorder — singletons, idempotence, monotonicity in the subset, and non-existence
7sketches:1.3.1:example84	PARTIAL	#761	6	Seven Sketches 1.3: Elementary calculus of meets and joins in a preorder — singletons, idempotence, monotonicity in the subset, and non-existence
7sketches:1.3.1:ex85	PARTIAL	#761	6	Seven Sketches 1.3: Elementary calculus of meets and joins in a preorder — singletons, idempotence, monotonicity in the subset, and non-existence
7sketches:1.3.1:example86	ABSENT	#761	6	Seven Sketches 1.3: Elementary calculus of meets and joins in a preorder — singletons, idempotence, monotonicity in the subset, and non-existence
7sketches:1.3.1:prop91	ABSENT	#761	6	Seven Sketches 1.3: Elementary calculus of meets and joins in a preorder — singletons, idempotence, monotonicity in the subset, and non-existence
7sketches:1.2.3:example68	ABSENT	#762	6	Seven Sketches 1.4: The partition Galois connection induced by a function — pushforward and pullback of partitions
7sketches:1.2.3:ex69	ABSENT	#762	6	Seven Sketches 1.4: The partition Galois connection induced by a function — pushforward and pullback of partitions
7sketches:1.4.2:construction-partition-galois-connection	ABSENT	#762	6	Seven Sketches 1.4: The partition Galois connection induced by a function — pushforward and pullback of partitions
7sketches:1.4.2:example102	ABSENT	#762	6	Seven Sketches 1.4: The partition Galois connection induced by a function — pushforward and pullback of partitions
7sketches:1.4.2:ex103	ABSENT	#762	6	Seven Sketches 1.4: The partition Galois connection induced by a function — pushforward and pullback of partitions
7sketches:1.4.2:example104	ABSENT	#762	6	Seven Sketches 1.4: The partition Galois connection induced by a function — pushforward and pullback of partitions
7sketches:1.4.2:ex105	ABSENT	#762	6	Seven Sketches 1.4: The partition Galois connection induced by a function — pushforward and pullback of partitions
7sketches:1.4.2:ex106	ABSENT	#762	6	Seven Sketches 1.4: The partition Galois connection induced by a function — pushforward and pullback of partitions
7sketches:1.4.5:ex124	ABSENT	#763	6	Seven Sketches 1.4: Level shift — reflexive-transitive closure is left adjoint to the underlying relation
7sketches:1.4.5:construction-level-shift-rel-pos	PARTIAL	#763	6	Seven Sketches 1.4: Level shift — reflexive-transitive closure is left adjoint to the underlying relation
7sketches:1.4.5:ex125	ABSENT	#763	6	Seven Sketches 1.4: Level shift — reflexive-transitive closure is left adjoint to the underlying relation
7sketches:1.3.2:def92	PARTIAL	#764	6	Seven Sketches 1.3: Preservation of meets and joins by a monotone map, the one-way join comparison, and a right adjoint with a generative effect
7sketches:1.3.2:def93	ABSENT	#764	6	Seven Sketches 1.3: Preservation of meets and joins by a monotone map, the one-way join comparison, and a right adjoint with a generative effect
7sketches:1.3.2:ex94	ABSENT	#764	6	Seven Sketches 1.3: Preservation of meets and joins by a monotone map, the one-way join comparison, and a right adjoint with a generative effect
7sketches:1.4.3:example113	ABSENT	#764	6	Seven Sketches 1.3: Preservation of meets and joins by a monotone map, the one-way join comparison, and a right adjoint with a generative effect
7sketches:1.4.3:ex114	ABSENT	#764	6	Seven Sketches 1.3: Preservation of meets and joins by a monotone map, the one-way join comparison, and a right adjoint with a generative effect
7sketches:1.4.1:ex99	ABSENT	#765	6	Seven Sketches 1.4: Finite chains as preorders, and the non-crossing criterion for adjunctions between total orders
7sketches:1.4.1:remark100	ABSENT	#765	6	Seven Sketches 1.4: Finite chains as preorders, and the non-crossing criterion for adjunctions between total orders
7sketches:1.4.4:example121	PARTIAL	#766	6	Seven Sketches 1.4: Normalization as a closure operator on the reduction preorder
7sketches:1.2.3:example72	PARTIAL	#767	6	Seven Sketches 1.2: Dagger preorders are exactly equivalence relations, and skeletal ones are discrete
7sketches:1.2.3:ex73	ABSENT	#767	6	Seven Sketches 1.2: Dagger preorders are exactly equivalence relations, and skeletal ones are discrete
7sketches:1.2.3:remark74	PARTIAL	#767	6	Seven Sketches 1.2: Dagger preorders are exactly equivalence relations, and skeletal ones are discrete
7sketches:1.2.2:ex40	PARTIAL	#768	6	Seven Sketches 1.2: The preorder presented by a graph — reachability closure, the edgeless case, and transitive redundancy
7sketches:1.2.2:ex41	PARTIAL	#768	6	Seven Sketches 1.2: The preorder presented by a graph — reachability closure, the edgeless case, and transitive redundancy
7sketches:1.2.3:example76	PARTIAL	#768	6	Seven Sketches 1.2: The preorder presented by a graph — reachability closure, the edgeless case, and transitive redundancy
7sketches:1.2.3:example62	PARTIAL	#769	6	Seven Sketches 1.2: Cardinality as a monotone map from the powerset preorder to the naturals
7sketches:1.2.3:ex63	PARTIAL	#769	6	Seven Sketches 1.2: Cardinality as a monotone map from the powerset preorder to the naturals
7sketches:1.2.1:def22	PARTIAL	#770	6	Seven Sketches 1.2: Functions as total single-valued relations, their fibres, and the injective/surjective classification
7sketches:1.2.1:ex24	ABSENT	#770	6	Seven Sketches 1.2: Functions as total single-valued relations, their fibres, and the injective/surjective classification
7sketches:1.2.1:def-subset	PARTIAL	#671	6	also covered by existing issue
7sketches:1.2.1:example29	PARTIAL	#671	6	also covered by existing issue
7sketches:1.2.1:def-setops	PARTIAL	#445	6	also covered by existing issue
7sketches:1.2.1:ex11	PARTIAL	#445	6	also covered by existing issue
7sketches:1.2.1:def21	PARTIAL	#315	6	also covered by existing issue
7sketches:1.2.1:ex25	ABSENT	#247	6	also covered by existing issue
7sketches:1.2.2:remark31	PARTIAL	#223	6	also covered by existing issue
7sketches:1.2.2:example33	ABSENT	#223	6	also covered by existing issue
7sketches:1.2.2:remark43	ABSENT	#223	6	also covered by existing issue
7sketches:1.2.2:ex44	PARTIAL	#223	6	also covered by existing issue
7sketches:1.2.2:example45	PARTIAL	#223	6	part: totality clause — the naturals under their usual order as a TOTAL order
7sketches:1.3.1:example89	ABSENT	#223	6	also covered by existing issue
7sketches:1.2.2:remark35	PARTIAL	#374	6	part: skeletality — partial orders are exactly the skeletal preorders
7sketches:1.2.2:remark35	PARTIAL	#372	6	part: second half — every preorder becomes a poset by identifying mutually related elements
7sketches:1.2.2:example37	ABSENT	#647	6	also covered by existing issue
7sketches:1.2.2:ex38	ABSENT	#647	6	also covered by existing issue
7sketches:1.2.2:example50	PARTIAL	#382	6	also covered by existing issue
7sketches:1.2.2:ex51	PARTIAL	#382	6	also covered by existing issue
7sketches:1.4.3:example117	PARTIAL	#382	6	part: left-adjoint leg — the direct image of the apples-and-buckets triple
7sketches:1.4.3:example117	PARTIAL	#384	6	part: third leg — the dual (universal) image f_*
7sketches:1.4.3:ex118	ABSENT	#382	6	also covered by existing issue
7sketches:1.2.2:example54	ABSENT	#714	6	also covered by existing issue
7sketches:1.2.2:ex55	ABSENT	#714	6	also covered by existing issue
7sketches:1.2.3:example64	ABSENT	#714	6	also covered by existing issue
7sketches:1.2.3:ex65	ABSENT	#714	6	also covered by existing issue
7sketches:1.2.3:ex66	PARTIAL	#714	6	also covered by existing issue
7sketches:1.2.2:ex57	PARTIAL	#273	6	part: product clause — closure of preorders under products
7sketches:1.2.2:ex57	PARTIAL	#714	6	part: bonus clause — the preorder of UPPER SETS of the product preorder
7sketches:1.2.3:example60	PARTIAL	#234	6	also covered by existing issue
7sketches:1.2.3:example61	ABSENT	#234	6	also covered by existing issue
7sketches:1.3.1:example87	ABSENT	#685	6	also covered by existing issue
7sketches:1.4.1:def95	PARTIAL	#380	6	also covered by existing issue
7sketches:1.4.3:prop107	PARTIAL	#380	6	also covered by existing issue
7sketches:1.4.3:ex109	PARTIAL	#380	6	also covered by existing issue
7sketches:1.4.3:ex110	PARTIAL	#380	6	also covered by existing issue
7sketches:1.4.3:prop111	PARTIAL	#737	6	also covered by existing issue
7sketches:1.4.3:ex112	PARTIAL	#737	6	also covered by existing issue
7sketches:1.4.3:thm115	PARTIAL	#737	6	also covered by existing issue
7sketches:1.4.4:construction-closure-from-galois-connection	PARTIAL	#463	6	also covered by existing issue
7sketches:1.4.4:ex119	PARTIAL	#463	6	also covered by existing issue
7sketches:1.4.4:def120	PARTIAL	#463	6	also covered by existing issue
7sketches:1.4.4:example122	PARTIAL	#463	6	also covered by existing issue
7sketches:1.4.4:example123	PARTIAL	#463	6	also covered by existing issue
7sketches:1.2.1:def12	PRESENT	-	-	Instance/Rel.v:45 Rel; Instance/Rel.v:161 some_number
7sketches:1.2.1:def18	PRESENT	-	-	Lib/Setoid.v:32 Setoid; Theory/Isomorphism.v:187 iso_equivalence
7sketches:1.2.1:def28	PRESENT	-	-	Instance/Coq.v:120 Coq; Instance/Sets.v:162 setoid_morphism_compose
7sketches:1.2.1:example13	PRESENT	-	-	Instance/Proset.v:47 LessThanEqualTo_Category; Instance/Rel.v:161 some_number; Lib/Setoid.v:65 eq_Setoid
7sketches:1.2.1:example23	PRESENT	-	-	Theory/Isomorphism.v:149 iso_id; Theory/Morphisms.v:135 id_monic / id_epic; Instance/Sets.v:155 setoid_morphism_id
7sketches:1.2.2:def30	PRESENT	-	-	Instance/Proset.v:33 Proset; Construction/Enriched/Two.v:60 TwoPreorder; Theory/Category.v:282 hom_preorder
7sketches:1.2.2:def36	PRESENT	-	-	Construction/Free/Quiver.v:54 Quiver; Construction/Free/Quiver.v:431 FreeOnQuiver; Lib/TList.v:47 tlist' / tlist
7sketches:1.2.2:example32	PRESENT	-	-	Instance/Discrete.v:65 DiscreteCat_Discrete; Instance/Discrete.v:37 DiscreteCat
7sketches:1.2.2:example34	PRESENT	-	-	Test/Poset.v:139 Poset_two; Instance/Two.v:122 TwoHom_Y_X_absurd; Instance/Two.v:134 _2
7sketches:1.2.2:example56	PRESENT	-	-	Construction/Product.v:95 Product; Instance/Proset.v:33 Proset
7sketches:1.2.2:example58	PRESENT	-	-	Construction/Opposite.v:106 Opposite; Instance/Proset.v:33 Proset
7sketches:1.2.2:remark39	PRESENT	-	-	Instance/Lambda/Multi.v:74 multi_PreOrder; Theory/Category.v:282 hom_preorder; Construction/Free/Quiver.v:431 FreeOnQuiver
7sketches:1.2.3:def59	PRESENT	-	-	Construction/Enriched/Two.v:175 MonotoneMap; Construction/Enriched/Two.v:183 EnrichedFunctor_Two_monotone
7sketches:1.2.3:def75	PRESENT	-	-	Theory/Isomorphism.v:113 Isomorphism; Instance/StrictCat.v:56 StrictCat; Instance/Proset.v:33 Proset
7sketches:1.2.3:ex67	PRESENT	-	-	Instance/Discrete.v:52 DiscreteCat_Functor; Instance/Discrete.v:37 DiscreteCat
7sketches:1.2.3:ex71	PRESENT	-	-	Theory/Functor.v:258 Compose; Theory/Functor.v:247 Id; Construction/Enriched/Compose.v:49 EnrichedCompose
7sketches:1.2.3:prop70	PRESENT	-	-	Instance/Cat.v:142 Cat; Theory/Functor.v:258 Compose; Theory/Functor.v:247 Id
7sketches:1.3.1:def81	PRESENT	-	-	Structure/Limit/Product.v:51 IsIndexedProduct; Structure/Limit/Preservation.v:147 ump_colimit; Structure/Cartesian.v:136 ump_products
7sketches:1.3.1:remark82	PRESENT	-	-	Structure/UniversalProperty.v:175 univ_property_unique_up_to_unique_iso; Structure/UniversalProperty/Limit.v:141 LimitIsUniversalProperty; Theory/Subobject.v:93 sub_equiv_iff_mutual
7sketches:2.2.1:def2	PARTIAL	#771	6	Seven Sketches 2.2: Symmetric monoidal preorders — the class, strict versus weak axioms, and the thin-category reading of the induced equivalence
7sketches:2.2.1:remark3	PARTIAL	#771	6	Seven Sketches 2.2: Symmetric monoidal preorders — the class, strict versus weak axioms, and the thin-category reading of the induced equivalence
7sketches:2.2.1:example6	PARTIAL	#772	6	Seven Sketches 2.2: Every commutative monoid is a symmetric monoidal preorder on its discrete order
7sketches:2.2.1:ex8	PARTIAL	#772	6	Seven Sketches 2.2: Every commutative monoid is a symmetric monoidal preorder on its discrete order
7sketches:2.2.1:example9	ABSENT	#773	6	Seven Sketches 2.2: Refuting a proposed monoidal structure — the failure of monotonicity for poker hands and for multiplication on the reals
7sketches:2.2.1:ex5	ABSENT	#773	6	Seven Sketches 2.2: Refuting a proposed monoidal structure — the failure of monotonicity for poker hands and for multiplication on the reals
7sketches:2.2.1:example4	ABSENT	#774	6	Seven Sketches 2.2: The ordered-commutative-monoid recipe, and the reals under addition as a symmetric monoidal preorder
7sketches:2.2.4:example30	PARTIAL	#775	6	Seven Sketches 2.2: Monoidal structures on the arithmetic preorders — ℕ with + and ·, divisibility with ·, and the failures for + on divisibility and · on ℤ
7sketches:2.2.4:ex31	PARTIAL	#775	6	Seven Sketches 2.2: Monoidal structures on the arithmetic preorders — ℕ with + and ·, divisibility with ·, and the failures for + on divisibility and · on ℤ
7sketches:2.2.4:example32	ABSENT	#775	6	Seven Sketches 2.2: Monoidal structures on the arithmetic preorders — ℕ with + and ·, divisibility with ·, and the failures for + on divisibility and · on ℤ
7sketches:2.2.4:ex33	ABSENT	#775	6	Seven Sketches 2.2: Monoidal structures on the arithmetic preorders — ℕ with + and ·, divisibility with ·, and the failures for + on divisibility and · on ℤ
7sketches:2.2.5:ex45	PARTIAL	#775	6	Seven Sketches 2.2: Monoidal structures on the arithmetic preorders — ℕ with + and ·, divisibility with ·, and the failures for + on divisibility and · on ℤ
7sketches:2.2.2:def-valid-wiring-diagram	PARTIAL	#776	6	Seven Sketches 2.2: Wiring diagrams over a monoidal preorder — validity, the graphical-proof theorem, and the crossing-free fragment
7sketches:2.2.2:example14	ABSENT	#776	6	Seven Sketches 2.2: Wiring diagrams over a monoidal preorder — validity, the graphical-proof theorem, and the crossing-free fragment
7sketches:2.2.2:construction-graphical-proof	PARTIAL	#776	6	Seven Sketches 2.2: Wiring diagrams over a monoidal preorder — validity, the graphical-proof theorem, and the crossing-free fragment
7sketches:2.2.2:example19	ABSENT	#776	6	Seven Sketches 2.2: Wiring diagrams over a monoidal preorder — validity, the graphical-proof theorem, and the crossing-free fragment
7sketches:2.2.2:ex20	PARTIAL	#776	6	Seven Sketches 2.2: Wiring diagrams over a monoidal preorder — validity, the graphical-proof theorem, and the crossing-free fragment
7sketches:2.2.3:construction-mat	PARTIAL	#777	6	Seven Sketches 2.2: The chemistry monoidal preorder of material collections, and catalysis
7sketches:2.2.3:ex21	PARTIAL	#777	6	Seven Sketches 2.2: The chemistry monoidal preorder of material collections, and catalysis
7sketches:2.2.3:def-catalysis	ABSENT	#777	6	Seven Sketches 2.2: The chemistry monoidal preorder of material collections, and catalysis
7sketches:2.5.1:example86	ABSENT	#777	6	Seven Sketches 2.2: The chemistry monoidal preorder of material collections, and catalysis
7sketches:2.2.4:ex29	PARTIAL	#778	6	Seven Sketches 2.2/2.5: The two-element base Bool — both monoidal structures, closedness by implication, and Bool as a quantale
7sketches:2.5.1:ex84	PARTIAL	#778	6	Seven Sketches 2.2/2.5: The two-element base Bool — both monoidal structures, closedness by implication, and Bool as a quantale
7sketches:2.5.1:example85	ABSENT	#778	6	Seven Sketches 2.2/2.5: The two-element base Bool — both monoidal structures, closedness by implication, and Bool as a quantale
7sketches:2.5.2:ex92	PARTIAL	#778	6	part: Boolean clauses (1a)/(2a) — the Bool base
7sketches:2.5.2:ex93	PARTIAL	#778	6	Seven Sketches 2.2/2.5: The two-element base Bool — both monoidal structures, closedness by implication, and Bool as a quantale
7sketches:2.2.4:ex34	PARTIAL	#779	6	Seven Sketches 2.2/2.3: The three-element chain with min as a monoidal preorder, and categories enriched in it
7sketches:2.3.4:ex61	ABSENT	#779	6	Seven Sketches 2.2/2.3: The three-element chain with min as a monoidal preorder, and categories enriched in it
7sketches:2.2.4:ex35	PARTIAL	#780	6	Seven Sketches 2.2/2.5: The powerset monoidal preorder — intersection with the whole set as unit, indexed predicates, and whether it is a quantale
7sketches:2.2.4:ex36	PARTIAL	#780	6	Seven Sketches 2.2/2.5: The powerset monoidal preorder — intersection with the whole set as unit, indexed predicates, and whether it is a quantale
7sketches:2.5.2:ex94	ABSENT	#780	6	Seven Sketches 2.2/2.5: The powerset monoidal preorder — intersection with the whole set as unit, indexed predicates, and whether it is a quantale
7sketches:2.2.4:example37	ABSENT	#781	6	Seven Sketches 2.2: Cost, Lawvere's monoidal preorder of distances, and its opposite
7sketches:2.2.4:ex40	ABSENT	#781	6	Seven Sketches 2.2: Cost, Lawvere's monoidal preorder of distances, and its opposite
7sketches:2.2.5:def41	PARTIAL	#782	6	Seven Sketches 2.2: Monoidal monotones — a faithful lax level, the strong/strict trichotomy, and the oplax dual
7sketches:2.2.5:remark-oplax	PARTIAL	#782	6	Seven Sketches 2.2: Monoidal monotones — a faithful lax level, the strong/strict trichotomy, and the oplax dual
7sketches:2.2.5:example42	ABSENT	#783	6	Seven Sketches 2.2: Inclusion and floor as monoidal monotones between ℕ and ℝ
7sketches:2.2.5:construction-bool-to-cost	ABSENT	#784	6	Seven Sketches 2.2: The monoidal monotones between Bool and Cost
7sketches:2.2.5:ex43	ABSENT	#784	6	Seven Sketches 2.2: The monoidal monotones between Bool and Cost
7sketches:2.2.5:ex44	ABSENT	#784	6	Seven Sketches 2.2: The monoidal monotones between Bool and Cost
7sketches:2.3.2:thm49	PARTIAL	#785	6	Seven Sketches 2.3: Preorders are exactly Bool-categories — upgrading the two translations to a bijection
7sketches:2.3.2:ex50	PARTIAL	#785	6	Seven Sketches 2.3: Preorders are exactly Bool-categories — upgrading the two translations to a bijection
7sketches:2.4.2:remark71	PARTIAL	#786	6	Seven Sketches 2.4: The category of preorders, the category of Bool-categories, and the equivalence between them
7sketches:2.3.3:def53	PARTIAL	#787	6	Seven Sketches 2.3: Lawvere metric spaces as Cost-categories, and short maps as Cost-functors
7sketches:2.3.3:example54	ABSENT	#787	6	Seven Sketches 2.3: Lawvere metric spaces as Cost-categories, and short maps as Cost-functors
7sketches:2.3.3:ex55	ABSENT	#787	6	Seven Sketches 2.3: Lawvere metric spaces as Cost-categories, and short maps as Cost-functors
7sketches:2.4.2:example72	ABSENT	#787	6	Seven Sketches 2.3: Lawvere metric spaces as Cost-categories, and short maps as Cost-functors
7sketches:2.3.3:construction-weighted-graph-metric	PARTIAL	#788	6	Seven Sketches 2.3: Cost-weighted graphs and their shortest-path Lawvere metric space
7sketches:2.3.3:ex58	ABSENT	#788	6	Seven Sketches 2.3: Cost-weighted graphs and their shortest-path Lawvere metric space
7sketches:2.5.3:def100	PARTIAL	#789	6	Seven Sketches 2.5: V-matrices over a quantale, and the category Mat(V)
7sketches:2.5.3:equation101	PARTIAL	#789	6	Seven Sketches 2.5: V-matrices over a quantale, and the category Mat(V)
7sketches:2.5.3:def-identity-matrix	PARTIAL	#789	6	Seven Sketches 2.5: V-matrices over a quantale, and the category Mat(V)
7sketches:2.5.3:ex103	PARTIAL	#789	6	Seven Sketches 2.5: V-matrices over a quantale, and the category Mat(V)
7sketches:2.5.3:ex104	PARTIAL	#789	6	Seven Sketches 2.5: V-matrices over a quantale, and the category Mat(V)
7sketches:2.3.3:construction-graph-matrix	ABSENT	#790	6	Seven Sketches 2.5: The weight matrix of a V-weighted graph, and computing the presented V-category by matrix powers
7sketches:2.3.3:ex60	ABSENT	#790	6	Seven Sketches 2.5: The weight matrix of a V-weighted graph, and computing the presented V-category by matrix powers
7sketches:2.5.3:construction-matrix-powers	ABSENT	#790	6	Seven Sketches 2.5: The weight matrix of a V-weighted graph, and computing the presented V-category by matrix powers
7sketches:2.5.3:ex105	ABSENT	#790	6	Seven Sketches 2.5: The weight matrix of a V-weighted graph, and computing the presented V-category by matrix powers
7sketches:2.3.4:ex62	ABSENT	#791	6	Seven Sketches 2.3: Enrichment in the powerset and bottleneck quantales — V-weighted graphs beyond Bool and Cost
7sketches:2.3.4:ex63	ABSENT	#791	6	Seven Sketches 2.3: Enrichment in the powerset and bottleneck quantales — V-weighted graphs beyond Bool and Cost
7sketches:2.4.1:construction64	ABSENT	#792	6	Seven Sketches 2.4: Change of base of enrichment along a monoidal monotone
7sketches:2.4.1:example65	ABSENT	#793	6	Seven Sketches 2.4: Change of base along Cost → Bool — Lawvere metric spaces become preorders
7sketches:2.4.1:ex67	ABSENT	#793	6	Seven Sketches 2.4: Change of base along Cost → Bool — Lawvere metric spaces become preorders
7sketches:2.4.1:ex68	ABSENT	#793	6	Seven Sketches 2.4: Change of base along Cost → Bool — Lawvere metric spaces become preorders
7sketches:2.5.2:remark97	ABSENT	#794	6	Seven Sketches 2.5: Hausdorff distance between subsets of a V-category, and the failure of symmetry
7sketches:2.3.3:ex52	ABSENT	#794	6	Seven Sketches 2.5: Hausdorff distance between subsets of a V-category, and the failure of symmetry
7sketches:2.4.2:ex73	ABSENT	#795	6	Seven Sketches 2.4: Opposite, dagger and skeletal V-categories, and extended metric spaces
7sketches:2.4.3:def74	PARTIAL	#796	6	Seven Sketches 2.4: The V-product of V-categories, and where symmetry of the base is used
7sketches:2.4.3:ex75	PARTIAL	#796	6	Seven Sketches 2.4: The V-product of V-categories, and where symmetry of the base is used
7sketches:2.4.3:example76	ABSENT	#796	6	Seven Sketches 2.4: The V-product of V-categories, and where symmetry of the base is used
7sketches:2.4.3:ex78	ABSENT	#796	6	Seven Sketches 2.4: The V-product of V-categories, and where symmetry of the base is used
7sketches:2.5.1:def79	PARTIAL	#797	6	Seven Sketches 2.5: Symmetric monoidal closed preorders — the hom-element and the tensoring Galois connection
7sketches:2.5.1:ex82	PARTIAL	#797	6	Seven Sketches 2.5: Symmetric monoidal closed preorders — the hom-element and the tensoring Galois connection
7sketches:2.5.1:prop87	PARTIAL	#798	6	Seven Sketches 2.5: The calculus of a monoidal closed preorder, and its self-enrichment
7sketches:2.5.1:remark89	PARTIAL	#798	6	Seven Sketches 2.5: The calculus of a monoidal closed preorder, and its self-enrichment
7sketches:2.5.2:def90	PARTIAL	#799	6	Seven Sketches 2.5: Unital commutative quantales — the class and its join vocabulary
7sketches:2.5.1:example83	ABSENT	#800	6	Seven Sketches 2.5: Cost is monoidal closed by truncated subtraction, and is a quantale
7sketches:2.5.2:example91	ABSENT	#800	6	Seven Sketches 2.5: Cost is monoidal closed by truncated subtraction, and is a quantale
7sketches:2.5.2:ex92	PARTIAL	#800	6	part: Cost clauses (1b)/(2b) — the Cost base
7sketches:2.5.2:prop98	PARTIAL	#801	6	Seven Sketches 2.5: Closedness of a monoidal preorder equals distributivity of the tensor over joins
7sketches:2.3.3:def51	ABSENT	#308	6	also covered by existing issue
7sketches:2.5.2:prop96	ABSENT	#684	6	also covered by existing issue
7sketches:2.2.3:def-copy-axiom	PRESENT	-	-	Structure/Monoidal/Relevance.v:45 RelevanceMonoidal; Structure/Monoidal/CopyDiscard.v:82 CopyDiscard; Structure/Monoidal/Internal/Product.v:319 CC_RelevanceMonoidal
7sketches:2.2.3:def-discard-axiom	PRESENT	-	-	Structure/Monoidal/Semicartesian.v:37 SemicartesianMonoidal; Structure/Monoidal/Semicartesian.v:70 SemicartesianMonoidal_Terminal; Structure/Monoidal/Internal/Product.v:424 CC_SemicartesianMonoidal
7sketches:2.2.4:ex39	PRESENT	-	-	Construction/Opposite/Monoidal.v:92 Monoidal_op; Construction/Opposite/Monoidal.v:175 Symmetric_op; Structure/Monoidal/Proofs.v:201 inverse_triangle_identity
7sketches:2.2.4:example27	PRESENT	-	-	Instance/Two/Monoidal.v:105 Two_Monoidal; Instance/Two/Monoidal.v:80 Two_Cartesian; Instance/Two/Monoidal.v:98 Two_Terminal
7sketches:2.2.4:prop38	PRESENT	-	-	Construction/Opposite/Monoidal.v:175 Symmetric_op; Construction/Opposite/Monoidal.v:92 Monoidal_op; Construction/Opposite/Monoidal.v:66 Opposite_Tensor
7sketches:2.3.1:def46	PRESENT	-	-	Construction/Enriched.v:111 Enriched; Construction/Enriched/Two.v:131 Enriched_of_TwoPreorder
7sketches:2.3.1:example47	PRESENT	-	-	Construction/Enriched/Two.v:131 Enriched_of_TwoPreorder; Construction/Enriched/Two.v:71 TwoPreorder_of_Enriched; Construction/Enriched/Two.v:104 ehom_of_le_complete
7sketches:2.4.2:def69	PRESENT	-	-	Construction/Enriched.v:145 EnrichedFunctor; Construction/Enriched/Two.v:183 EnrichedFunctor_Two_monotone; Construction/Enriched.v:215 Functor_is_Enriched_over_Set
7sketches:2.4.2:example70	PRESENT	-	-	Construction/Enriched/Two.v:183 EnrichedFunctor_Two_monotone; Construction/Enriched/Two.v:175 MonotoneMap
7sketches:2.5.1:remark81	OUT_OF_SCOPE	-	-	OOS: Pure exposition — terminology and a forward-pointing reading of an equation alre
7sketches:2.5.2:remark95	OUT_OF_SCOPE	-	-	OOS: Pure motivational prose (a quantale personified as a 'navigator'); the only math
7sketches:2.5.3:example102	PRESENT	-	-	Instance/Rel.v:45 Rel
7sketches:3.2.1:example3.13	PARTIAL	#802	6	part: the free category on a single loop as (nat, +, 0)
7sketches:3.2.1:ex3.15	PARTIAL	#802	6	Seven Sketches 3.2: The free category on a single loop is the additive naturals, and free categories have only identity isomorphisms
7sketches:3.2.5:ex3.33	ABSENT	#802	6	Seven Sketches 3.2: The free category on a single loop is the additive naturals, and free categories have only identity isomorphisms
7sketches:3.2.3:construction-preorder-reflection	PARTIAL	#803	6	Seven Sketches 3.2.3: The preorder reflection of a category, and its left adjointness to the preorder inclusion
7sketches:3.2.3:prop-preorder-reflection-adjunction	ABSENT	#803	6	Seven Sketches 3.2.3: The preorder reflection of a category, and its left adjointness to the preorder inclusion
7sketches:3.2.3:ex3.21	ABSENT	#803	6	Seven Sketches 3.2.3: The preorder reflection of a category, and its left adjointness to the preorder inclusion
7sketches:3.2.3:ex3.22	ABSENT	#803	6	Seven Sketches 3.2.3: The preorder reflection of a category, and its left adjointness to the preorder inclusion
7sketches:3.2.3:remark3.23	PARTIAL	#803	6	Seven Sketches 3.2.3: The preorder reflection of a category, and its left adjointness to the preorder inclusion
7sketches:3.2.2:construction-square-categories	PARTIAL	#804	6	Seven Sketches 3.2.2/3.3.2: The free square category, its comparison with the commutative square, and the failure of the reverse comparison
7sketches:3.2.2:ex3.16	PARTIAL	#804	6	Seven Sketches 3.2.2/3.3.2: The free square category, its comparison with the commutative square, and the failure of the reverse comparison
7sketches:3.2.2:ex3.17	PARTIAL	#804	6	Seven Sketches 3.2.2/3.3.2: The free square category, its comparison with the commutative square, and the failure of the reverse comparison
7sketches:3.3.2:example3.38	PARTIAL	#804	6	Seven Sketches 3.2.2/3.3.2: The free square category, its comparison with the commutative square, and the failure of the reverse comparison
7sketches:3.3.2:ex3.39	ABSENT	#804	6	Seven Sketches 3.2.2/3.3.2: The free square category, its comparison with the commutative square, and the failure of the reverse comparison
7sketches:3.3.2:example3.41	ABSENT	#804	6	Seven Sketches 3.2.2/3.3.2: The free square category, its comparison with the commutative square, and the failure of the reverse comparison
7sketches:3.1:ex3.3	ABSENT	#805	6	Seven Sketches 3.1/3.3: Database schemas as finitely presented categories, and instances as Set-valued functors
7sketches:3.2.2:remark3.20	PARTIAL	#805	6	Seven Sketches 3.1/3.3: Database schemas as finitely presented categories, and instances as Set-valued functors
7sketches:3.3.3:def3.44	PARTIAL	#805	6	Seven Sketches 3.1/3.3: Database schemas as finitely presented categories, and instances as Set-valued functors
7sketches:3.3.3:example3.46	PARTIAL	#806	6	Seven Sketches 3.3.3: Instances on small presented schemas — idempotent endofunctions, involutions, and an equalizing pair
7sketches:3.3.3:ex3.48	PARTIAL	#806	6	Seven Sketches 3.3.3: Instances on small presented schemas — idempotent endofunctions, involutions, and an equalizing pair
7sketches:3.4.1:construction-dds-schema-functor	PARTIAL	#807	6	Seven Sketches 3.4.1: The one-loop schema — its instances are discrete dynamical systems, and migration along a schema functor
7sketches:3.4.1:ex3.67	PARTIAL	#807	6	Seven Sketches 3.4.1: The one-loop schema — its instances are discrete dynamical systems, and migration along a schema functor
7sketches:3.5.2:ex3.91	PARTIAL	#808	6	Seven Sketches 3.5.2: A product is exactly a terminal object in the category of cones
7sketches:3.5.3:remark3.100	ABSENT	#809	6	Seven Sketches 3.5.3: Restriction along a functor is a pullback of categories of elements
7sketches:3.2.1:ex3.10	PARTIAL	#666	6	also covered by existing issue
7sketches:3.2.1:ex3.12	PARTIAL	#224	6	also covered by existing issue
7sketches:3.2.1:example3.13	PARTIAL	#220	6	part: the both-directions correspondence (single-object category <-> monoid)
7sketches:3.2.2:def-finite-presentation	PARTIAL	#299	6	also covered by existing issue
7sketches:3.2.2:example3.18	PARTIAL	#666	6	also covered by existing issue
7sketches:3.2.2:ex3.19	ABSENT	#666	6	also covered by existing issue
7sketches:3.2.5:example3.29	PARTIAL	#645	6	also covered by existing issue
7sketches:3.2.5:def-cardinality	PARTIAL	#238	6	also covered by existing issue
7sketches:3.2.5:ex3.30	PARTIAL	#643	6	also covered by existing issue
7sketches:3.2.5:ex3.32	PARTIAL	#248	6	also covered by existing issue
7sketches:3.2.5:example3.34	PARTIAL	#246	6	also covered by existing issue
7sketches:3.3.2:example3.36	ABSENT	#233	6	also covered by existing issue
7sketches:3.3.2:ex3.37	ABSENT	#233	6	also covered by existing issue
7sketches:3.3.2:ex3.40	ABSENT	#235	6	also covered by existing issue
7sketches:3.3.2:example3.42	PARTIAL	#234	6	also covered by existing issue
7sketches:3.3.3:ex3.45	PARTIAL	#233	6	also covered by existing issue
7sketches:3.3.4:def3.51	PARTIAL	#216	6	also covered by existing issue
7sketches:3.3.4:example3.53	PARTIAL	#276	6	also covered by existing issue
7sketches:3.3.4:example3.56	PARTIAL	#276	6	also covered by existing issue
7sketches:3.3.4:example3.57	ABSENT	#242	6	also covered by existing issue
7sketches:3.3.4:ex3.58	ABSENT	#242	6	also covered by existing issue
7sketches:3.3.4:remark3.59	PARTIAL	#786	6	also covered by existing issue
7sketches:3.3.5:construction-gr	PARTIAL	#705	6	also covered by existing issue
7sketches:3.3.5:ex3.62	PARTIAL	#705	6	also covered by existing issue
7sketches:3.3.5:example3.63	PARTIAL	#705	6	also covered by existing issue
7sketches:3.3.5:ex3.64	PARTIAL	#705	6	also covered by existing issue
7sketches:3.4.2:example3.71	PARTIAL	#380	6	also covered by existing issue
7sketches:3.4.2:example3.74	PARTIAL	#443	6	part: clause 1 — free group/monoid/ring constructions
7sketches:3.4.2:example3.74	PARTIAL	#768	6	part: clause 2 — free preorder and free category on a graph
7sketches:3.4.2:example3.74	PARTIAL	#357	6	part: clauses 3-4 — discrete and codiscrete constructions
7sketches:3.4.2:example3.74	PARTIAL	#370	6	part: clause 5 — abelianization
7sketches:3.4.3:construction-sigma-delta-pi	PARTIAL	#590	6	also covered by existing issue
7sketches:3.4.4:construction-single-set-summaries	PARTIAL	#603	6	also covered by existing issue
7sketches:3.4.4:ex3.78	PARTIAL	#705	6	also covered by existing issue
7sketches:3.5.1:ex3.81	PARTIAL	#652	6	also covered by existing issue
7sketches:3.5.1:ex3.83	ABSENT	#652	6	also covered by existing issue
7sketches:3.5.1:prop3.84	ABSENT	#247	6	also covered by existing issue
7sketches:3.5.1:remark3.85	PARTIAL	#247	6	also covered by existing issue
7sketches:3.5.1:ex3.88	PARTIAL	#422	6	also covered by existing issue
7sketches:3.5.1:ex3.90	PARTIAL	#273	6	also covered by existing issue
7sketches:3.5.3:thm3.95	PARTIAL	#407	6	also covered by existing issue
7sketches:3.5.3:ex3.98	ABSENT	#334	6	also covered by existing issue
7sketches:3.2.1:construction-walking-arrow	PRESENT	-	-	Instance/Two.v:134 _2; Instance/Two/Monoidal.v:26 two_thin; Theory/Metacategory.v:388 TwoArrows
7sketches:3.2.1:def3.7	PRESENT	-	-	Construction/Free/Quiver.v:431 FreeOnQuiver; Construction/Free/Quiver.v:550 FreeForgetfulAdjunction
7sketches:3.2.1:ex3.9	PRESENT	-	-	Construction/Free/Quiver.v:431 FreeOnQuiver; Lib/TList.v:208 tlist_app_assoc
7sketches:3.2.3:construction-preorder-as-category	PRESENT	-	-	Instance/Proset.v:33 Proset; Construction/Enriched/Two.v:165 Enriched_Two_preorder
7sketches:3.2.4:def-finset	PRESENT	-	-	Instance/FinSet.v:116 FinSet
7sketches:3.2.4:def3.24	PRESENT	-	-	Instance/Sets.v:188 Sets; Instance/Coq.v:120 Coq
7sketches:3.2.4:ex3.25	PRESENT	-	-	Instance/FinSet/Closed.v:79 fin_apply_tabulate; Instance/FinSet/Closed.v:90 fin_tabulate_apply; Instance/FinSet/Closed.v:132 FinSet_Closed
7sketches:3.2.4:example3.27	PRESENT	-	-	Construction/Opposite.v:106 Opposite; Construction/Opposite.v:126 op_invol
7sketches:3.2.4:remark3.26	PRESENT	-	-	Construction/Enriched.v:163 Category_is_Enriched_over_Set; Construction/Enriched/Two.v:165 Enriched_Two_preorder
7sketches:3.2.5:def3.28	PRESENT	-	-	Theory/Isomorphism.v:113 Isomorphism; Theory/Isomorphism.v:133 IsIsomorphism; Theory/Isomorphism.v:301 comp_inverse_unique
7sketches:3.2.5:ex3.31	PRESENT	-	-	Theory/Isomorphism.v:149 iso_id
7sketches:3.2:def3.6	PRESENT	-	-	Theory/Category.v:111 Category
7sketches:3.3.2:def3.35	PRESENT	-	-	Theory/Functor.v:96 Functor
7sketches:3.3.2:ex3.43	PRESENT	-	-	Instance/Cat.v:142 Cat; Theory/Functor.v:247 Id; Theory/Functor.v:258 Compose
7sketches:3.3.3:def-set-valued-functor	PRESENT	-	-	Functor/Hom/Yoneda.v:182 Covariant_Yoneda_Lemma; Functor/Representable.v:46 Representable; Instance/Sets.v:188 Sets
7sketches:3.3.4:def3.49	PRESENT	-	-	Theory/Natural/Transformation.v:113 Transform; Instance/Fun.v:255 Functor_Setoid_Nat_Iso; Theory/Natural/Transformation.v:129 Build_Transform'
7sketches:3.3.4:def3.54	PRESENT	-	-	Instance/Fun.v:108 Fun; Instance/Cat/Cartesian/Closed.v:47 Cat_Closed
7sketches:3.3.4:ex3.55	PRESENT	-	-	Instance/Fun.v:108 Fun; Theory/Natural/Transformation.v:231 nat_compose; Instance/Fun.v:129 nat_id_left / nat_id_right / nat_comp_assoc
7sketches:3.3.4:example3.52	PRESENT	-	-	Theory/Natural/Transformation.v:129 Build_Transform'; Theory/Natural/Transformation.v:113 Transform
7sketches:3.3.5:def3.60	PRESENT	-	-	Instance/Fun.v:108 Fun; Theory/Natural/Transformation.v:113 Transform
7sketches:3.4.1:def3.68	PRESENT	-	-	Theory/Kan/Extension.v:127 Induced; Theory/Natural/Transformation.v:329 whisker_right
7sketches:3.4.2:def3.70	PRESENT	-	-	Adjunction/Hom.v:72 Adjunction_Hom; Theory/Adjunction.v:130 Adjunction; Theory/Adjunction.v:195 adj_univ
7sketches:3.4.2:ex3.73	PRESENT	-	-	Structure/Cartesian.v:172 first; Functor/Hom/Internal.v:40 InternalHomFunctor; Structure/Cartesian.v:333 first_comp
7sketches:3.4.2:example3.72	PARTIAL	#239	6	deduped onto the currying-adjunction issue (orphan found on audit: reclassified PARTIAL but never given a home)
7sketches:3.4.4:ex3.76	PRESENT	-	-	Instance/One.v:47 Erase; Instance/One.v:54 Cat_Terminal
7sketches:3.5.1:def3.79	PRESENT	-	-	Structure/Terminal.v:107 Terminal
7sketches:3.5.1:def3.86	PRESENT	-	-	Structure/Cartesian.v:145 IsCartesianProduct; Structure/Cartesian.v:121 Cartesian; Structure/Cartesian.v:211 exl_fork / exr_fork / fork_exl_exr
7sketches:3.5.1:ex3.82	PRESENT	-	-	Instance/One.v:54 Cat_Terminal
7sketches:3.5.1:example3.80	PRESENT	-	-	Instance/Sets.v:248 Sets_Terminal; Instance/Coq.v:132 Coq_Terminal
7sketches:3.5.1:example3.87	PRESENT	-	-	Instance/Sets/Cartesian.v:32 Sets_Cartesian; Instance/Coq.v:141 Coq_Cartesian
7sketches:3.5.1:example3.89	PRESENT	-	-	Construction/Product.v:95 Product; Instance/Cat/Cartesian.v:39 Cat_Cartesian
7sketches:3.5.2:construction-cone-xy	PRESENT	-	-	Instance/Cones.v:29 Cones; Instance/Two/Discrete.v:111 Pick_Two; Instance/Cones/Comma.v:73 Cones_Comma
7sketches:3.5.2:def3.92	PRESENT	-	-	Structure/Cone.v:24 ACone; Instance/Cones.v:29 Cones; Instance/Cones/Limit.v:37 Limit_Cones
7sketches:3.5.2:example3.93	PRESENT	-	-	Structure/Limit/Terminal.v:33 Terminal_Limit
7sketches:3.5.2:example3.94	PRESENT	-	-	Structure/Limit/Cartesian.v:39 Cartesian_Limit; Structure/Limit/Product.v:119 limit_is_indexed_product
7sketches:3.5.3:ex3.97	PRESENT	-	-	Structure/Limit/Cartesian.v:39 Cartesian_Limit; Instance/Sets/Cartesian.v:32 Sets_Cartesian; Structure/Limit/Product.v:105 iprod_ump
7sketches:3.5.3:example3.96	PRESENT	-	-	Structure/Limit/Terminal.v:33 Terminal_Limit; Instance/Sets.v:248 Sets_Terminal
7sketches:3.5.3:example3.99	PRESENT	-	-	Structure/Pullback/Limit.v:68 Pullback_to_Universal; Structure/Pullback/Limit.v:113 Pullback_from_Universal; Instance/FinSet/Classifier.v:264 FinSet_Pullbacks
7sketches:3.5.4:def3.102	PRESENT	-	-	Structure/Limit/Preservation.v:147 ump_colimit; Structure/Limit/Preservation.v:120 cocone_inj_coherence
7sketches:3.5.4:ex3.101	PRESENT	-	-	Functor/Opposite.v:31 Opposite_Functor; Functor/Opposite.v:49 Opposite_Functor_invol
7sketches:4.1:def-codesign-diagram	PARTIAL	#810	6	Seven Sketches 4.1: Co-design diagrams — a typed box-and-wire syntax denoting feasibility relations
7sketches:4.2.2:def4.8	PARTIAL	#811	6	Seven Sketches 4.2: V-profunctors over a quantale, and feasibility relations as the Boolean case
7sketches:4.2.1:def4.2	PARTIAL	#811	6	Seven Sketches 4.2: V-profunctors over a quantale, and feasibility relations as the Boolean case
7sketches:4.2.2:ex4.9	ABSENT	#811	6	Seven Sketches 4.2: V-profunctors over a quantale, and feasibility relations as the Boolean case
7sketches:4.2.2:ex4.10	ABSENT	#811	6	Seven Sketches 4.2: V-profunctors over a quantale, and feasibility relations as the Boolean case
7sketches:4.2.3:ex4.18	ABSENT	#811	6	Seven Sketches 4.2: V-profunctors over a quantale, and feasibility relations as the Boolean case
7sketches:4.2.2:example4.11	ABSENT	#812	6	Seven Sketches 4.2: The bridge presentation of a Bool-profunctor, and its feasibility matrix
7sketches:4.2.2:ex4.12	ABSENT	#812	6	Seven Sketches 4.2: The bridge presentation of a Bool-profunctor, and its feasibility matrix
7sketches:4.3.1:def4.21	PARTIAL	#813	6	Seven Sketches 4.3: Composition of V-profunctors, the unit profunctor, and the category Prof_V
7sketches:4.3.2:def4.25	PARTIAL	#813	6	Seven Sketches 4.3: Composition of V-profunctors, the unit profunctor, and the category Prof_V
7sketches:4.3.2:lem4.27	PARTIAL	#813	6	Seven Sketches 4.3: Composition of V-profunctors, the unit profunctor, and the category Prof_V
7sketches:4.3.2:ex4.30	PARTIAL	#813	6	Seven Sketches 4.3: Composition of V-profunctors, the unit profunctor, and the category Prof_V
7sketches:4.3.2:lem4.31	PARTIAL	#813	6	Seven Sketches 4.3: Composition of V-profunctors, the unit profunctor, and the category Prof_V
7sketches:4.3.2:ex4.32	PARTIAL	#813	6	Seven Sketches 4.3: Composition of V-profunctors, the unit profunctor, and the category Prof_V
7sketches:4.3.2:thm4.23	PARTIAL	#813	6	Seven Sketches 4.3: Composition of V-profunctors, the unit profunctor, and the category Prof_V
7sketches:4.3.2:def4.24	PARTIAL	#814	6	Seven Sketches 4.3: Feas — preorders and feasibility relations as the Boolean instance of Prof_V
7sketches:4.2.2:example4.13	ABSENT	#815	6	Seven Sketches 4.2/4.3: Cost-profunctors — distance matrices, composition, and computation by matrix powers
7sketches:4.2.2:ex4.15	ABSENT	#815	6	Seven Sketches 4.2/4.3: Cost-profunctors — distance matrices, composition, and computation by matrix powers
7sketches:4.2.2:remark4.16	ABSENT	#815	6	Seven Sketches 4.2/4.3: Cost-profunctors — distance matrices, composition, and computation by matrix powers
7sketches:4.2.2:ex4.17	ABSENT	#815	6	Seven Sketches 4.2/4.3: Cost-profunctors — distance matrices, composition, and computation by matrix powers
7sketches:4.3.1:ex4.22	ABSENT	#815	6	Seven Sketches 4.2/4.3: Cost-profunctors — distance matrices, composition, and computation by matrix powers
7sketches:4.3.2:ex4.26	ABSENT	#815	6	Seven Sketches 4.2/4.3: Cost-profunctors — distance matrices, composition, and computation by matrix powers
7sketches:4.3.3:def4.34	PARTIAL	#816	6	Seven Sketches 4.3: Companions and conjoints of a V-functor, and the adjointness criterion
7sketches:4.3.3:example4.35	PARTIAL	#816	6	Seven Sketches 4.3: Companions and conjoints of a V-functor, and the adjointness criterion
7sketches:4.3.3:ex4.36	PARTIAL	#816	6	Seven Sketches 4.3: Companions and conjoints of a V-functor, and the adjointness criterion
7sketches:4.3.3:ex4.41	PARTIAL	#816	6	Seven Sketches 4.3: Companions and conjoints of a V-functor, and the adjointness criterion
7sketches:4.3.3:example4.37	ABSENT	#816	6	Seven Sketches 4.3: Companions and conjoints of a V-functor, and the adjointness criterion
7sketches:4.3.3:ex4.38	ABSENT	#816	6	Seven Sketches 4.3: Companions and conjoints of a V-functor, and the adjointness criterion
7sketches:4.3.3:remark4.39	PARTIAL	#817	6	Seven Sketches 4.3: V-adjunctions between V-categories
7sketches:4.3.3:def4.42	ABSENT	#818	6	Seven Sketches 4.3: The collage of a V-profunctor, and the collage inclusions
7sketches:4.3.3:example4.43	ABSENT	#818	6	Seven Sketches 4.3: The collage of a V-profunctor, and the collage inclusions
7sketches:4.3.3:ex4.44	ABSENT	#818	6	Seven Sketches 4.3: The collage of a V-profunctor, and the collage inclusions
7sketches:4.3.2:remark4.33	PARTIAL	#819	6	Seven Sketches 4.3: Profunctors as a bicategory — the non-skeletal base by iso-classes or weak composition
7sketches:4.4.3:remark4.47	PARTIAL	#820	6	Seven Sketches 4.4: Transporting braiding and symmetry along an equivalence, and symmetric monoidal categories as those equivalent to strict ones
7sketches:4.4.4:remark4.53	PARTIAL	#821	6	Seven Sketches 4.4: Enrichment over a thin base — identity and composition data determined by properties
7sketches:4.4.3:ex4.50	PARTIAL	#822	6	Seven Sketches 4.4: Interpreting a wiring diagram in an arbitrary symmetric monoidal category, with a worked set-valued example
7sketches:4.5.1:prop4.60	PARTIAL	#823	6	Seven Sketches 4.5: Consequences of compact closure — monoidal closedness, uniqueness of duals, and the double dual
7sketches:4.5.1:example4.61	PARTIAL	#824	6	Seven Sketches 4.5: Corel — corelations as a compact closed category, and the snake check at a three-element set
7sketches:4.5.1:ex4.62	PARTIAL	#824	6	Seven Sketches 4.5: Corel — corelations as a compact closed category, and the snake check at a three-element set
7sketches:4.5.2:thm4.63	ABSENT	#825	6	Seven Sketches 4.5: Prof_V is compact closed — the product of V-categories as tensor, and the opposite as dual
7sketches:4.5.2:ex4.64	ABSENT	#825	6	Seven Sketches 4.5: Prof_V is compact closed — the product of V-categories as tensor, and the opposite as dual
7sketches:4.5.2:ex4.65	ABSENT	#825	6	Seven Sketches 4.5: Prof_V is compact closed — the product of V-categories as tensor, and the opposite as dual
7sketches:4.5.2:ex4.66	ABSENT	#825	6	Seven Sketches 4.5: Prof_V is compact closed — the product of V-categories as tensor, and the opposite as dual
7sketches:4.2.1:ex4.7	PARTIAL	#778	6	also covered by existing issue
7sketches:4.2.1:ex4.4	PARTIAL	#757	6	also covered by existing issue
7sketches:4.3.2:def-skeletal-quantale	PARTIAL	#799	6	also covered by existing issue
7sketches:4.4.3:ex4.48	PARTIAL	#771	6	also covered by existing issue
7sketches:4.4.3:remark4.46	PARTIAL	#520	6	also covered by existing issue
7sketches:4.4.4:ex4.54	ABSENT	#787	6	also covered by existing issue
7sketches:4.4.3:def4.45	PRESENT	-	-	Structure/Monoidal.v:125 Monoidal; Structure/Monoidal/Symmetric.v:103 SymmetricMonoidal; Structure/Monoidal/Braided.v:128 BraidedMonoidal
7sketches:4.4.3:example4.49	PRESENT	-	-	Instance/Sets.v:283 Sets_Product_Monoidal; Structure/Monoidal/Internal/Product.v:314 CC_SymmetricMonoidal; Instance/Sets/Cartesian.v:32 Sets_Cartesian
7sketches:4.4.4:def4.51	PRESENT	-	-	Construction/Enriched.v:113 Enriched
7sketches:4.4.4:ex4.52	PRESENT	-	-	Construction/Enriched.v:163 Category_is_Enriched_over_Set
7sketches:4.5.1:def4.58	PRESENT	-	-	Structure/Monoidal/CompactClosed.v:139 CompactClosed; Structure/Monoidal/CompactClosed.v:303 Hypergraph_CompactClosed
7sketches:5.2.1:def5.2	PARTIAL	#826	6	Seven Sketches 5.2.1: Strict props — objects exactly ℕ, and the bijectivity the PROP class omits
7sketches:5.2.1:example5.3	PARTIAL	#827	6	Seven Sketches 5.2.1: FinSet as a prop — the symmetric strict monoidal structure on the skeleton
7sketches:5.2.1:ex5.5	PARTIAL	#827	6	Seven Sketches 5.2.1: FinSet as a prop — the symmetric strict monoidal structure on the skeleton
7sketches:5.2.1:example5.6	PARTIAL	#828	6	Seven Sketches 5.2.1: Bij, the prop of finite bijections, and the free prop on the empty signature
7sketches:5.2.4:example5.27	ABSENT	#828	6	Seven Sketches 5.2.1: Bij, the prop of finite bijections, and the free prop on the empty signature
7sketches:5.2.1:example5.7	PARTIAL	#829	6	Seven Sketches 5.2.1: Corel as a prop — corelations over the skeletal finite sets
7sketches:5.2.1:example5.8	PARTIAL	#830	6	Seven Sketches 5.2.1: FinRel — relations between finite sets as a prop, with the disjoint-union tensor
7sketches:5.2.1:ex5.10	PARTIAL	#830	6	Seven Sketches 5.2.1: FinRel — relations between finite sets as a prop, with the disjoint-union tensor
7sketches:5.2.1:ex5.9	ABSENT	#831	6	Seven Sketches 5.2.1: Posetal props — thin props as symmetric monoidal preorders on (ℕ, +)
7sketches:5.2.1:def5.11	PARTIAL	#832	6	Seven Sketches 5.2.1: Prop functors and the category of props
7sketches:5.2.1:example5.12	PARTIAL	#833	6	Seven Sketches 5.2.1: Two prop functors — the inclusion of bijections and the graph functor into relations
7sketches:5.2.2:def5.13	ABSENT	#834	6	Seven Sketches 5.2.2: Port graphs — the acyclic (m,n)-port-graph datatype
7sketches:5.2.2:example5.14	ABSENT	#834	6	Seven Sketches 5.2.2: Port graphs — the acyclic (m,n)-port-graph datatype
7sketches:5.2.2:construction-pg	ABSENT	#835	6	Seven Sketches 5.2.2: PG, the prop of port graphs
7sketches:5.2.2:ex5.16	ABSENT	#835	6	Seven Sketches 5.2.2: PG, the prop of port graphs
7sketches:5.2.2:ex5.18	ABSENT	#835	6	Seven Sketches 5.2.2: PG, the prop of port graphs
7sketches:5.2.4:def5.25	PARTIAL	#836	6	Seven Sketches 5.2.4: G-labeled port graphs and the port-graph model of the free prop
7sketches:5.2.4:ex5.28	ABSENT	#836	6	Seven Sketches 5.2.4: G-labeled port graphs and the port-graph model of the free prop
7sketches:5.2.4:example5.31	PARTIAL	#837	6	Seven Sketches 5.2.4: A worked three-generator prop signature — expressions and their diagrams
7sketches:5.2.4:ex5.32	PARTIAL	#837	6	Seven Sketches 5.2.4: A worked three-generator prop signature — expressions and their diagrams
7sketches:5.2.5:ex5.35	PARTIAL	#838	6	Seven Sketches 5.2.5: The free prop versus the prop presented with no equations
7sketches:5.3.1:def5.36	PARTIAL	#839	6	Seven Sketches 5.3.1: Rigs — the class, the naturals and the booleans, and rings as rigs
7sketches:5.3.1:example5.37	PARTIAL	#839	6	Seven Sketches 5.3.1: Rigs — the class, the naturals and the booleans, and rings as rigs
7sketches:5.3.1:example5.38	PARTIAL	#839	6	Seven Sketches 5.3.1: Rigs — the class, the naturals and the booleans, and rings as rigs
7sketches:5.3.1:example5.42	PARTIAL	#839	6	Seven Sketches 5.3.1: Rigs — the class, the naturals and the booleans, and rings as rigs
7sketches:5.3.1:example5.39	ABSENT	#840	6	Seven Sketches 5.3.1: Every quantale determines a rig
7sketches:5.3.1:example5.40	PARTIAL	#841	6	Seven Sketches 5.3.1: Square matrices over a rig form a rig, and are not commutative
7sketches:5.3.1:ex5.41	PARTIAL	#841	6	Seven Sketches 5.3.1: Square matrices over a rig form a rig, and are not commutative
7sketches:5.3.2:def5.45	PARTIAL	#842	6	Seven Sketches 5.3.2: The signal-flow signature G_R and the free prop SFG_R
7sketches:5.3.3:eq5.48	ABSENT	#843	6	Seven Sketches 5.3.3: Mat(R), the prop of matrices over a rig
7sketches:5.3.3:remark5.49	ABSENT	#843	6	Seven Sketches 5.3.3: Mat(R), the prop of matrices over a rig
7sketches:5.3.3:def5.50	ABSENT	#843	6	Seven Sketches 5.3.3: Mat(R), the prop of matrices over a rig
7sketches:5.3.3:ex5.51	ABSENT	#843	6	Seven Sketches 5.3.3: Mat(R), the prop of matrices over a rig
7sketches:5.3.4:construction-generator-matrix-table	ABSENT	#844	6	Seven Sketches 5.3.4: The semantics prop functor S : SFG_R → Mat(R)
7sketches:5.3.4:thm5.53	PARTIAL	#844	6	Seven Sketches 5.3.4: The semantics prop functor S : SFG_R → Mat(R)
7sketches:5.3.2:ex5.43	ABSENT	#844	6	Seven Sketches 5.3.4: The semantics prop functor S : SFG_R → Mat(R)
7sketches:5.3.4:ex5.55	ABSENT	#844	6	Seven Sketches 5.3.4: The semantics prop functor S : SFG_R → Mat(R)
7sketches:5.3.4:prop5.54	ABSENT	#845	6	Seven Sketches 5.3.4: The matrix of a signal flow graph counts amplification along paths
7sketches:5.4.1:prop5.56	ABSENT	#846	6	Seven Sketches 5.4.1: Fullness of the signal-flow semantics — every matrix is realized
7sketches:5.4.1:ex5.58	ABSENT	#846	6	Seven Sketches 5.4.1: Fullness of the signal-flow semantics — every matrix is realized
7sketches:5.4.1:ex5.59	ABSENT	#846	6	Seven Sketches 5.4.1: Fullness of the signal-flow semantics — every matrix is realized
7sketches:5.4.2:example5.68	ABSENT	#847	6	Seven Sketches 5.4.2: Bimonoid objects, and the bimonoid on the object 1 of Mat(R)
7sketches:5.4.2:example5.70	PARTIAL	#847	6	Seven Sketches 5.4.2: Bimonoid objects, and the bimonoid on the object 1 of Mat(R)
7sketches:5.4.1:thm5.60	PARTIAL	#848	6	Seven Sketches 5.4.1: Mat(R) is presented by the signal-flow generators modulo the bimonoid equations
7sketches:5.4.1:example5.61	ABSENT	#849	6	Seven Sketches 5.4.1: Graphical reasoning with the presentation of Mat(R) — rewriting, alternatives, and a non-derivability argument
7sketches:5.4.1:ex5.62	ABSENT	#849	6	Seven Sketches 5.4.1: Graphical reasoning with the presentation of Mat(R) — rewriting, alternatives, and a non-derivability argument
7sketches:5.4.1:ex5.63	ABSENT	#849	6	Seven Sketches 5.4.1: Graphical reasoning with the presentation of Mat(R) — rewriting, alternatives, and a non-derivability argument
7sketches:5.4.2:ex5.69	ABSENT	#850	6	Seven Sketches 5.4.2: The underlying-set functor Mat(R) → Set and transport of monoid objects
7sketches:5.4.2:example5.71	PARTIAL	#851	6	Seven Sketches 5.4.2: Monoidal structures as commutative monoid objects — in Cat and in Preord
7sketches:5.4.2:example5.72	ABSENT	#851	6	Seven Sketches 5.4.2: Monoidal structures as commutative monoid objects — in Cat and in Preord
7sketches:5.4.2:example5.73	ABSENT	#852	6	Seven Sketches 5.4.2: The tensor product of commutative monoids, and rigs as monoid objects in (CMon, ⊗, ℕ)
7sketches:5.4.2:remark5.74	PARTIAL	#853	6	Seven Sketches 5.4.2: The prop presenting the theory of monoids, and models in an arbitrary monoidal category
7sketches:5.4.3:def5.79	PARTIAL	#854	6	Seven Sketches 5.4.3: Rel_R, the prop of relations over a rig
7sketches:5.4.3:ex5.80	ABSENT	#854	6	Seven Sketches 5.4.3: Rel_R, the prop of relations over a rig
7sketches:5.4.3:def-behavior	PARTIAL	#855	6	Seven Sketches 5.4.3: Behaviors of signal flow graphs, mirrored generators, and the prop SFG_R⁺
7sketches:5.4.3:def-transposed-relation	ABSENT	#855	6	Seven Sketches 5.4.3: Behaviors of signal flow graphs, mirrored generators, and the prop SFG_R⁺
7sketches:5.4.3:ex5.77	ABSENT	#855	6	Seven Sketches 5.4.3: Behaviors of signal flow graphs, mirrored generators, and the prop SFG_R⁺
7sketches:5.4.3:def-sfg-plus	PARTIAL	#855	6	Seven Sketches 5.4.3: Behaviors of signal flow graphs, mirrored generators, and the prop SFG_R⁺
7sketches:5.4.3:ex5.82	ABSENT	#856	6	Seven Sketches 5.4.3: Behaviors of mixed signal flow graphs — solution sets, joint images, kernels and linearity
7sketches:5.4.3:ex5.83	ABSENT	#856	6	Seven Sketches 5.4.3: Behaviors of mixed signal flow graphs — solution sets, joint images, kernels and linearity
7sketches:5.4.3:ex5.84	ABSENT	#856	6	Seven Sketches 5.4.3: Behaviors of mixed signal flow graphs — solution sets, joint images, kernels and linearity
7sketches:5.4.3:ex5.85	ABSENT	#857	6	Seven Sketches 5.4.3: LinRel_R — linear relations form a sub-prop of Rel_R
7sketches:5.4.3:thm5.87	PARTIAL	#858	6	Seven Sketches 5.4.3: Rel_R is compact closed with every object self-dual
7sketches:5.3.2:example5.44	ABSENT	#859	6	Seven Sketches 5.3.2/5.4.3: Signal flow graphs over rigs of differential operators — a linear ODE system and cruise control
7sketches:5.4.3:example-control-theory-cruise-control	ABSENT	#859	6	Seven Sketches 5.3.2/5.4.3: Signal flow graphs over rigs of differential operators — a linear ODE system and cruise control
7sketches:5.2.3:example5.19	PARTIAL	#763	6	part: reflexive-transitive closure as the free preorder
7sketches:5.2.3:example5.19	PARTIAL	#768	6	part: graph -> relation -> preorder route
7sketches:5.2.3:ex5.20	PARTIAL	#763	6	also covered by existing issue
7sketches:5.2.3:ex5.21	ABSENT	#763	6	also covered by existing issue
7sketches:5.2.3:ex5.24	PARTIAL	#802	6	part: free monoid on one generator is (ℕ, +, 0)
7sketches:5.2.3:ex5.24	PARTIAL	#296	6	part: free monoid on two generators is the word monoid
7sketches:5.4.2:example5.66	PARTIAL	#500	6	also covered by existing issue
7sketches:5.4.2:ex5.67	ABSENT	#500	6	also covered by existing issue
7sketches:5.2.3:ex5.23	PRESENT	-	-	Construction/Free/Quiver.v:518 UniversalArrowQuiverCat; Construction/Free/Quiver.v:550 FreeForgetfulAdjunction; Construction/Free/Quiver.v:398 QuiverOfCat
7sketches:5.2.3:example5.22	PRESENT	-	-	Construction/Free/Quiver.v:431 FreeOnQuiver; Construction/Free/Quiver.v:518 UniversalArrowQuiverCat; Construction/Free/Quiver.v:507 UnitQuiverCatAdjunction
7sketches:5.2.4:def5.30	PRESENT	-	-	Construction/PROP/Term.v:39 Term; Construction/PROP/Free.v:52 Term_Setoid; Construction/PROP/TermEq.v:104 TE_tens_id
7sketches:5.2.4:prop5.29	PRESENT	-	-	Construction/PROP/Universal.v:603 interp_unique; Construction/PROP/Universal.v:186 InterpF_extends_valuation; Construction/PROP/Universal.v:416 InterpF_Strict / InterpF_Symmetric
7sketches:5.2.5:def5.33	PRESENT	-	-	Construction/PROP/Presentation.v:312 PresentedPROP; Construction/PROP/Presentation.v:136 TermEqW; Construction/PROP/Presentation.v:113 SMT / EqSystem
7sketches:5.2.5:remark5.34	PRESENT	-	-	Construction/PROP/Presentation/Universal.v:435 Presented_unique; Construction/PROP/Presentation/Universal.v:180 interpW_sound; Construction/PROP/Presentation/Universal.v:194 PresentedInterp
7sketches:5.3.2:example5.46	OUT_OF_SCOPE	-	-	OOS: The item is a typographical convention — draw the vertices of a Free(G_R) morphi
7sketches:5.4.2:def5.65	PRESENT	-	-	Theory/Algebra/Monoid.v:44 Monoid; Theory/Algebra/CommutativeMonoid.v:46 CommutativeMonoid; Structure/Monoid.v:124 MonoidObject
7sketches:5.4.3:def-relation-composition	PRESENT	-	-	Instance/Rel.v:45 Rel; Instance/Rel.v:167 Relation_Functor
7sketches:6.2.1:ex6.3	ABSENT	#860	6	part: the general initiality-decision procedure for small concrete categories
7sketches:6.2.1:example6.5	PARTIAL	#860	6	Seven Sketches 6.2.1: Deciding initiality in small concrete categories
7sketches:6.2.1:ex6.6	ABSENT	#860	6	Seven Sketches 6.2.1: Deciding initiality in small concrete categories
7sketches:6.2.3:example6.23	PARTIAL	#861	6	Seven Sketches 6.2.3: Elementary pushout calculus — pushouts along isomorphisms, discrete categories, and a collapsing pushout in Set
7sketches:6.2.3:ex6.24	ABSENT	#861	6	Seven Sketches 6.2.3: Elementary pushout calculus — pushouts along isomorphisms, discrete categories, and a collapsing pushout in Set
7sketches:6.2.3:example6.29	ABSENT	#861	6	Seven Sketches 6.2.3: Elementary pushout calculus — pushouts along isomorphisms, discrete categories, and a collapsing pushout in Set
7sketches:6.2.3:example6.27	ABSENT	#862	6	Seven Sketches 6.2.3: The pushout over the initial object is the binary coproduct
7sketches:6.2.3:ex6.28	ABSENT	#862	6	Seven Sketches 6.2.3: The pushout over the initial object is the binary coproduct
7sketches:6.2.4:prop6.32	ABSENT	#863	6	Seven Sketches 6.2.4: Generators for finite colimits — initial object with pushouts, and coequalizers with finite coproducts
7sketches:6.2.4:example6.33	ABSENT	#863	6	Seven Sketches 6.2.4: Generators for finite colimits — initial object with pushouts, and coequalizers with finite coproducts
7sketches:6.2.4:ex6.35	ABSENT	#863	6	Seven Sketches 6.2.4: Generators for finite colimits — initial object with pushouts, and coequalizers with finite coproducts
7sketches:6.2.4:cor6.36	PARTIAL	#864	6	Seven Sketches 6.2.4: FinSet and Set have all finite colimits
7sketches:6.2.4:example6.31	PARTIAL	#865	6	Seven Sketches 6.2.4: Colimits at the small shapes by duality — the empty, discrete two-object, and one-object diagrams
7sketches:6.2.4:example6.39	PARTIAL	#865	6	Seven Sketches 6.2.4: Colimits at the small shapes by duality — the empty, discrete two-object, and one-object diagrams
7sketches:6.2.4:example6.40	ABSENT	#865	6	Seven Sketches 6.2.4: Colimits at the small shapes by duality — the empty, discrete two-object, and one-object diagrams
7sketches:6.2.4:thm6.37	PARTIAL	#866	6	Seven Sketches 6.2.4: The colimit formula in Set — a finite colimit is a quotient of a coproduct
7sketches:6.3.1:def6.54	PARTIAL	#867	6	Seven Sketches 6.3.1: The spider of a single Frobenius monoid
7sketches:6.3.1:thm6.55	PARTIAL	#868	6	Seven Sketches 6.3.1: The spider normal-form theorem — connected Frobenius diagrams are spiders
7sketches:6.3.1:example6.56	PARTIAL	#868	6	Seven Sketches 6.3.1: The spider normal-form theorem — connected Frobenius diagrams are spiders
7sketches:6.3.1:ex6.57	PARTIAL	#868	6	part: the positive/equality half of Exercise 6.57
7sketches:6.3.1:thm6.58	ABSENT	#869	6	Seven Sketches 6.3.1: The free prop on the Frobenius presentation is Cospan(FinSet)
7sketches:6.3.1:ex6.57	PARTIAL	#869	6	part: the separation/negative half of Exercise 6.57
7sketches:6.3.3:example6.65	ABSENT	#870	6	Seven Sketches 6.3.3: Two distinct hypergraph structures on linear relations
7sketches:6.4.1:example6.69	ABSENT	#871	6	Seven Sketches 6.4.1: The power-set functor is lax symmetric monoidal
7sketches:6.4.1:ex6.70	ABSENT	#871	6	Seven Sketches 6.4.1: The power-set functor is lax symmetric monoidal
7sketches:6.4.2:thm6.77	PARTIAL	#872	6	Seven Sketches 6.4.2: Decorated cospans form a hypergraph category — deriving the coherences from the decoration functor
7sketches:6.4.2:ex6.78	PARTIAL	#873	6	Seven Sketches 6.4.2: The constant decoration recovers the plain cospan category
7sketches:6.4.3:def-c-circuit	PARTIAL	#874	6	Seven Sketches 6.4.3: C-circuits — edge-labelled graphs over a component set
7sketches:6.4.3:ex6.79	ABSENT	#874	6	Seven Sketches 6.4.3: C-circuits — edge-labelled graphs over a component set
7sketches:6.4.3:construction-circ	ABSENT	#875	6	Seven Sketches 6.4.3: The circuit decoration functor from finite sets to sets
7sketches:6.4.3:ex6.80	ABSENT	#875	6	Seven Sketches 6.4.3: The circuit decoration functor from finite sets to sets
7sketches:6.4.3:ex6.82	ABSENT	#875	6	Seven Sketches 6.4.3: The circuit decoration functor from finite sets to sets
7sketches:6.4.3:construction-cospan-circ	ABSENT	#876	6	Seven Sketches 6.4.3: Cospan_Circ, the hypergraph category of open electric circuits
7sketches:6.4.3:ex6.84	PARTIAL	#876	6	Seven Sketches 6.4.3: Cospan_Circ, the hypergraph category of open electric circuits
7sketches:6.4.3:ex6.86	PARTIAL	#876	6	Seven Sketches 6.4.3: Cospan_Circ, the hypergraph category of open electric circuits
7sketches:6.4.3:ex6.88	PARTIAL	#876	6	Seven Sketches 6.4.3: Cospan_Circ, the hypergraph category of open electric circuits
7sketches:6.5.1:example6.92	ABSENT	#877	6	Seven Sketches 6.5.1: Context-free grammars present free operads
7sketches:6.5.2:example6.93	PARTIAL	#878	6	Seven Sketches 6.5.2: The many-coloured operad of sets and multi-argument functions
7sketches:6.5.2:example6.94	PARTIAL	#879	6	Seven Sketches 6.5.2: The operad Cospan of finite-set cospans, and substitution as nesting
7sketches:6.5.2:ex6.96	PARTIAL	#879	6	Seven Sketches 6.5.2: The operad Cospan of finite-set cospans, and substitution as nesting
7sketches:6.5.3:def6.99	PARTIAL	#880	6	Seven Sketches 6.5.3: Algebras for a coloured operad
7sketches:6.5.3:example6.100	ABSENT	#881	6	Seven Sketches 6.5.3: Electric circuits as an algebra of the cospan operad
7sketches:6.5.3:prop6.101	ABSENT	#882	6	Seven Sketches 6.5.3: Cospan-algebras are equivalent to hypergraph props
7sketches:6.2.1:example6.2	PARTIAL	#422	6	also covered by existing issue
7sketches:6.2.1:ex6.3	ABSENT	#756	6	part: the one-initial-object case: the order _2
7sketches:6.2.1:ex6.7	ABSENT	#839	6	also covered by existing issue
7sketches:6.2.1:remark6.9	PARTIAL	#247	6	also covered by existing issue
7sketches:6.2.1:ex6.10	ABSENT	#247	6	also covered by existing issue
7sketches:6.2.2:ex6.13	PARTIAL	#422	6	also covered by existing issue
7sketches:6.2.2:ex6.18	PARTIAL	#490	6	part: the monoidal structure (C, +, 0), unitors and associator
7sketches:6.2.2:ex6.18	PARTIAL	#658	6	part: the coproduct as a bifunctor C ∏ C ⟶ C
7sketches:6.2.3:example6.22	ABSENT	#422	6	also covered by existing issue
7sketches:6.2.4:def-finite-category	PARTIAL	#417	6	also covered by existing issue
7sketches:6.2.4:def6.30	PARTIAL	#417	6	also covered by existing issue
7sketches:6.2.4:example6.42	PARTIAL	#315	6	also covered by existing issue
7sketches:6.3.3:example6.64	PARTIAL	#824	6	also covered by existing issue
7sketches:6.2.1:def6.1	PRESENT	-	-	Structure/Terminal.v:107 Terminal; Structure/Initial.v:109 zero, zero_unique; Structure/Initial.v:124 zero_comp
7sketches:6.2.1:ex6.8	PRESENT	-	-	Theory/Universal/Arrow.v:139 ump_universal_arrows; Theory/Universal/Arrow.v:127 UniversalArrow; Structure/Initial.v:112 zero_unique
7sketches:6.2.1:example6.4	PRESENT	-	-	Instance/FinSet.v:223 FinSet_Initial; Instance/Sets.v:265 Sets_Initial
7sketches:6.2.2:def6.11	PRESENT	-	-	Structure/Cartesian.v:136 ump_products; Structure/Cocartesian.v:175 inl_merge; Structure/Cocartesian.v:182 inr_merge
7sketches:6.2.2:ex6.16	PRESENT	-	-	Instance/FinSet.v:291 merge_computes; Instance/FinSet.v:296 merge_computes_inl
7sketches:6.2.2:ex6.17	PRESENT	-	-	Structure/Cocartesian.v:200 merge_comp; Structure/Cocartesian.v:189 merge_inl_inr; Structure/Cocartesian.v:175 inl_merge
7sketches:6.2.2:example6.14	PRESENT	-	-	Instance/Sets/Cocartesian.v:28 Sets_Cocartesian; Instance/FinSet.v:250 FinSet_Cocartesian
7sketches:6.2.3:def6.19	PRESENT	-	-	Structure/Pushout.v:72 pushout_ump; Structure/Pushout.v:63 pushout_commutes; Structure/Pushout.v:148 HasPushouts
7sketches:6.2.3:ex6.26	PRESENT	-	-	Instance/FinSet/Pushout.v:513 FinSet_HasPushouts; Instance/FinSet/Pushout.v:459 apex_cover
7sketches:6.2.3:example6.25	PRESENT	-	-	Instance/FinSet/Pushout.v:513 FinSet_HasPushouts; Instance/Sets/Pushout.v:185 Sets_HasPushouts; Instance/FinSet/Pushout.v:498 po_commutes
7sketches:6.2.4:ex6.41	PRESENT	-	-	Instance/Sets/Pushout.v:185 Sets_HasPushouts; Instance/Sets/Pushout.v:91 pushout_apex_setoid; Instance/FinSet/Pushout.v:513 FinSet_HasPushouts
7sketches:6.2.4:example6.38	PRESENT	-	-	Instance/Sets.v:265 Sets_Initial
7sketches:6.2.5:construction-cospan-composition	PRESENT	-	-	Construction/Cospan/Category.v:135 cospan_compose; Construction/Cospan/Category.v:123 cospan_id; Construction/Cospan/Category.v:327 cospan_compose_assoc
7sketches:6.2.5:def-cospan-equivalence	PRESENT	-	-	Construction/Cospan/Category.v:78 cospan_equiv; Construction/Cospan/Category.v:111 CospanArrow_Setoid
7sketches:6.2.5:def6.43	PRESENT	-	-	Construction/Cospan/Category.v:63 CospanArrow; Structure/Span.v:43 ASpan
7sketches:6.2.5:def6.45	PRESENT	-	-	Construction/Cospan/Symmetric.v:398 Cospan_SymmetricMonoidal; Construction/Cospan/Hypergraph.v:1973 Cospan_Monoidal; Construction/Cospan/Category.v:560 CospanCat
7sketches:6.2.5:ex6.48	PRESENT	-	-	Construction/Cospan/Hypergraph.v:107 cospan_tensor; Construction/Cospan/Hypergraph.v:804 Cospan_Bifunctor
7sketches:6.2.5:ex6.49	PRESENT	-	-	Construction/Cospan/Category.v:535 cospan_compose_apex; Instance/FinSet/Pushout.v:406 po_apex; Instance/FinSet/Pushout.v:328 components_edge_eq
7sketches:6.2.5:example6.46	PRESENT	-	-	Instance/FinSet/Pushout.v:513 FinSet_HasPushouts; Construction/Cospan/Symmetric.v:398 Cospan_SymmetricMonoidal; Instance/FinSet/Pushout.v:406 po_apex
7sketches:6.3.1:def-cocommutative-comonoid	PRESENT	-	-	Theory/Algebra/CommutativeComonoid.v:49 CommutativeComonoid; Theory/Algebra/Comonoid.v:40 Comonoid
7sketches:6.3.1:def6.52	PRESENT	-	-	Theory/Algebra/SpecialCommutativeFrobenius.v:55 SpecialCommutativeFrobenius; Theory/Algebra/Frobenius.v:127 Frobenius; Theory/Algebra/CommutativeFrobenius.v:47 CommutativeFrobenius
7sketches:6.3.2:ex6.59	OUT_OF_SCOPE	-	-	OOS: The exercise asks the reader to read three suppressed object labels off a printe
7sketches:6.3.3:def-hypergraph-prop	PRESENT	-	-	Construction/PROP.v:230 HypergraphPROP; Construction/PROP.v:68 PROP
7sketches:6.3.3:def6.60	PRESENT	-	-	Structure/Monoidal/Hypergraph.v:144 Hypergraph; Theory/Algebra/SpecialCommutativeFrobenius.v:55 SpecialCommutativeFrobenius; Structure/Monoidal/Hypergraph.v:109 canonical_tensor_mu
7sketches:6.3.3:ex6.62	PRESENT	-	-	Construction/Cospan/HypergraphInstance.v:703 Cospan_Hypergraph; Instance/FinSet/Pushout.v:513 FinSet_HasPushouts; Construction/Cospan/Hypergraph.v:119 cospan_scfa_mu / cospan_scfa_eta / cospan_scfa_delta / cospan_scfa_epsilon
7sketches:6.3.3:ex6.63	PRESENT	-	-	Construction/Cospan/SCFA.v:1198 cospan_mu_delta_id; Construction/Cospan/SCFA.v:672 pushout_codiag_apex
7sketches:6.3.3:ex6.67	PRESENT	-	-	Structure/Monoidal/CompactClosed.v:241 hypergraph_snake_left; Structure/Monoidal/Hypergraph/Spider.v:62 spider_frobenius; Structure/Monoidal/Hypergraph/Spider.v:74 spider_frobenius_sym
7sketches:6.3.3:example6.61	PRESENT	-	-	Construction/Cospan/HypergraphInstance.v:703 Cospan_Hypergraph; Construction/Cospan/SCFA.v:1271 cospan_scfa; Construction/Cospan/Hypergraph.v:119 cospan_scfa_mu / cospan_scfa_eta / cospan_scfa_delta / cospan_scfa_epsilon
7sketches:6.3.3:prop6.66	PRESENT	-	-	Structure/Monoidal/CompactClosed.v:303 Hypergraph_CompactClosed; Structure/Monoidal/CompactClosed.v:241 hypergraph_snake_left; Structure/Monoidal/CompactClosed.v:273 hypergraph_snake_right
7sketches:6.4.1:def6.68	PRESENT	-	-	Functor/Structure/Monoidal.v:110 LaxMonoidalFunctor; Functor/Structure/Monoidal/Braided.v:54 BraidedLaxMonoidalFunctor; Functor/Structure/Monoidal.v:77 MonoidalFunctor
7sketches:6.4.2:def6.75	PRESENT	-	-	Construction/DecoratedCospan.v:120 DecoratedCospanArrow; Construction/DecoratedCospan.v:139 dec_cospan_equiv
7sketches:6.4.2:eq6.76	PRESENT	-	-	Construction/DecoratedCospan.v:291 dec_compose_decoration; Construction/DecoratedCospan.v:303 dec_cospan_compose
7sketches:6.5.1:def6.91	PRESENT	-	-	Theory/Multicategory.v:317 Multicategory; Theory/Multicategory.v:358 mcomp_id_left / mcomp_id_right / mcomp_assoc_nested / mcomp_assoc_disjoint
7sketches:6.5.2:def6.97	PRESENT	-	-	Theory/Multicategory/Representable.v:763 Fold_Multicategory; Theory/Multicategory/Representable.v:863 RepresentableMulticategory; Theory/Multicategory/Representable.v:903 ColouredPROP_Multicategory
7sketches:6.5.3:def6.98	PRESENT	-	-	Theory/Multicategory/Functor.v:254 MultiFunctor; Theory/Multicategory/Functor.v:388 MultiId / MultiCompose / MultiCompose_assoc
7sketches:7.2.1:def-epi-mono-factorization	PARTIAL	#883	6	Seven Sketches 7.2.1: Epi-mono factorization — uniqueness in Sets, and the factorization carried by every topos
7sketches:7.2.1:remark-topos-properties	PARTIAL	#883	6	part: the epi-mono factorization clause (its uniqueness in Sets and in any topos)
7sketches:7.2.1:ex7.11	ABSENT	#884	6	Seven Sketches 7.2.1: A quantale whose tensor computes binary meets is a cartesian closed preorder
7sketches:7.2.3:construction-and	PARTIAL	#885	6	Seven Sketches 7.2.3: The internal connectives on a subobject classifier — AND, OR, NOT and implication
7sketches:7.2.3:construction-or	PARTIAL	#885	6	Seven Sketches 7.2.3: The internal connectives on a subobject classifier — AND, OR, NOT and implication
7sketches:7.2.3:ex7.19	PARTIAL	#885	6	Seven Sketches 7.2.3: The internal connectives on a subobject classifier — AND, OR, NOT and implication
7sketches:7.2.3:ex7.20	PARTIAL	#885	6	Seven Sketches 7.2.3: The internal connectives on a subobject classifier — AND, OR, NOT and implication
7sketches:7.2.2:ex7.16	ABSENT	#886	6	Seven Sketches 7.2.2/7.2.3: Worked characteristic maps — the identity and empty subobjects, and boolean combinations
7sketches:7.2.2:ex7.17	ABSENT	#886	6	Seven Sketches 7.2.2/7.2.3: Worked characteristic maps — the identity and empty subobjects, and boolean combinations
7sketches:7.2.3:ex7.21	ABSENT	#886	6	Seven Sketches 7.2.2/7.2.3: Worked characteristic maps — the identity and empty subobjects, and boolean combinations
7sketches:7.3.2:example7.26	ABSENT	#887	6	Seven Sketches 7.3.2: The metric topology — ε-balls generate a topology on any metric space
7sketches:7.3.2:ex7.27	ABSENT	#887	6	Seven Sketches 7.3.2: The metric topology — ε-balls generate a topology on any metric space
7sketches:7.3.2:example7.30	ABSENT	#888	6	Seven Sketches 7.3.2/7.3.3: The Sierpiński space — the four topologies on a two-element set, its opens, and its sheaves
7sketches:7.3.2:ex7.31	ABSENT	#888	6	Seven Sketches 7.3.2/7.3.3: The Sierpiński space — the four topologies on a two-element set, its opens, and its sheaves
7sketches:7.3.3:ex7.49	ABSENT	#888	6	Seven Sketches 7.3.2/7.3.3: The Sierpiński space — the four topologies on a two-element set, its opens, and its sheaves
7sketches:7.3.2:remark7.33	ABSENT	#889	6	Seven Sketches 7.3.2: The quantale of open sets, and categories enriched in it
7sketches:7.3.2:ex7.34	PARTIAL	#889	6	Seven Sketches 7.3.2: The quantale of open sets, and categories enriched in it
7sketches:7.3.3:def7.35	PARTIAL	#890	6	Seven Sketches 7.3.3: Sheaves on a topological space — matching families, unique gluing, and Shv(X, Op)
7sketches:7.3.3:example7.36	ABSENT	#890	6	Seven Sketches 7.3.3: Sheaves on a topological space — matching families, unique gluing, and Shv(X, Op)
7sketches:7.3.3:ex7.38	ABSENT	#891	6	Seven Sketches 7.3.3: The sheaf of sections of a map, from the discrete case to a continuous bundle
7sketches:7.3.3:construction-sections-sheaf	ABSENT	#891	6	Seven Sketches 7.3.3: The sheaf of sections of a map, from the discrete case to a continuous bundle
7sketches:7.3.3:ex7.40	ABSENT	#891	6	Seven Sketches 7.3.3: The sheaf of sections of a map, from the discrete case to a continuous bundle
7sketches:7.3.3:ex7.42	ABSENT	#891	6	Seven Sketches 7.3.3: The sheaf of sections of a map, from the discrete case to a continuous bundle
7sketches:7.3.3:ex7.44	ABSENT	#891	6	Seven Sketches 7.3.3: The sheaf of sections of a map, from the discrete case to a continuous bundle
7sketches:7.3.3:example7.45	ABSENT	#891	6	Seven Sketches 7.3.3: The sheaf of sections of a map, from the discrete case to a continuous bundle
7sketches:7.3.3:ex7.47	ABSENT	#891	6	Seven Sketches 7.3.3: The sheaf of sections of a map, from the discrete case to a continuous bundle
7sketches:7.3.3:example7.48	ABSENT	#892	6	Seven Sketches 7.3.3/7.4.1: Sheaves on the one-point space are sets
7sketches:7.4.1:ex7.52	PARTIAL	#892	6	Seven Sketches 7.3.3/7.4.1: Sheaves on the one-point space are sets
7sketches:7.4:def-topos	PARTIAL	#893	6	Seven Sketches 7.4: A topos is a category of sheaves — Shv(X, Op) as an elementary topos
7sketches:7.3:remark-presheaf-topos	PARTIAL	#893	6	part: the SITE half only — the trivial coverage (Theory/Sheaf/Trivial.v); the presheaves-are-toposes claim is on #404
7sketches:7.4.1:eq7.50	PARTIAL	#894	6	Seven Sketches 7.4.1: The subobject classifier of Shv(X, Op) is the sheaf of opens
7sketches:7.4.1:eq7.51	PARTIAL	#894	6	Seven Sketches 7.4.1: The subobject classifier of Shv(X, Op) is the sheaf of opens
7sketches:7.4.1:ex7.53	PARTIAL	#894	6	Seven Sketches 7.4.1: The subobject classifier of Shv(X, Op) is the sheaf of opens
7sketches:7.4.1:construction-omega-classifier	ABSENT	#894	6	Seven Sketches 7.4.1: The subobject classifier of Shv(X, Op) is the sheaf of opens
7sketches:7.4.1:example7.54	ABSENT	#895	6	Seven Sketches 7.4.1: The subobject classifier of the topos of graphs
7sketches:7.4.1:ex7.55	ABSENT	#895	6	Seven Sketches 7.4.1: The subobject classifier of the topos of graphs
7sketches:7.4.3:def-predicate	PARTIAL	#896	6	Seven Sketches 7.4.3: Predicates in a topos — comprehension and the entailment order
7sketches:7.4.3:ex7.62	PARTIAL	#896	6	Seven Sketches 7.4.3: Predicates in a topos — comprehension and the entailment order
7sketches:7.4.3:eq7.63	PARTIAL	#896	6	Seven Sketches 7.4.3: Predicates in a topos — comprehension and the entailment order
7sketches:7.4.3:ex7.64	ABSENT	#896	6	Seven Sketches 7.4.3: Predicates in a topos — comprehension and the entailment order
7sketches:7.4.3:remark-heyting-predicates	PARTIAL	#897	6	Seven Sketches 7.4.2/7.4.3: The Heyting algebra of predicates on an object of a topos
7sketches:7.4.2:example7.61	ABSENT	#897	6	Seven Sketches 7.4.2/7.4.3: The Heyting algebra of predicates on an object of a topos
7sketches:7.4.4:example7.65	ABSENT	#898	6	Seven Sketches 7.4.4: Quantifiers in a topos — ∀ by the exponential pullback and ∃ by image factorization
7sketches:7.4.4:ex7.66	ABSENT	#898	6	Seven Sketches 7.4.4: Quantifiers in a topos — ∀ by the exponential pullback and ∃ by image factorization
7sketches:7.4.4:def-universal-quantification	ABSENT	#898	6	Seven Sketches 7.4.4: Quantifiers in a topos — ∀ by the exponential pullback and ∃ by image factorization
7sketches:7.4.4:ex7.67	ABSENT	#898	6	Seven Sketches 7.4.4: Quantifiers in a topos — ∀ by the exponential pullback and ∃ by image factorization
7sketches:7.4.4:def-existential-quantification	ABSENT	#898	6	Seven Sketches 7.4.4: Quantifiers in a topos — ∀ by the exponential pullback and ∃ by image factorization
7sketches:7.4.4:ex7.68	ABSENT	#898	6	Seven Sketches 7.4.4: Quantifiers in a topos — ∀ by the exponential pullback and ∃ by image factorization
7sketches:7.4.5:def7.69	ABSENT	#899	6	Seven Sketches 7.4.5: Modalities (Lawvere–Tierney operators) on the subobject classifier
7sketches:7.4.5:ex7.70	ABSENT	#899	6	Seven Sketches 7.4.5: Modalities (Lawvere–Tierney operators) on the subobject classifier
7sketches:7.4.5:prop7.71	ABSENT	#899	6	Seven Sketches 7.4.5: Modalities (Lawvere–Tierney operators) on the subobject classifier
7sketches:7.4.5:ex7.72	ABSENT	#899	6	Seven Sketches 7.4.5: Modalities (Lawvere–Tierney operators) on the subobject classifier
7sketches:7.4.6:eq7.73	PARTIAL	#900	6	Seven Sketches 7.4.6: The internal language of a topos and its Kripke–Joyal semantics
7sketches:7.4.6:example7.74	ABSENT	#900	6	Seven Sketches 7.4.6: The internal language of a topos and its Kripke–Joyal semantics
7sketches:7.5.1:def-interval-domain	ABSENT	#901	6	Seven Sketches 7.5.1: The interval domain and the topos of behavior types
7sketches:7.5.1:ex7.76	ABSENT	#901	6	Seven Sketches 7.5.1: The interval domain and the topos of behavior types
7sketches:7.5.1:construction-behavior-types	ABSENT	#901	6	Seven Sketches 7.5.1: The interval domain and the topos of behavior types
7sketches:7.5.1:ex7.77	ABSENT	#901	6	Seven Sketches 7.5.1: The interval domain and the topos of behavior types
7sketches:7.5.2:remark-truth-values-interval-domain	ABSENT	#901	6	Seven Sketches 7.5.1: The interval domain and the topos of behavior types
7sketches:7.5.2:remark-basic-open-continuity	ABSENT	#902	6	Seven Sketches 7.5.2: A sheaf is determined by its values on a basis, continuously
7sketches:7.5.2:example7.78	PARTIAL	#903	6	Seven Sketches 7.5.2: Behavior types — the constant sheaf and sheaves of locally defined continuous maps
7sketches:7.5.2:example7.79	ABSENT	#903	6	Seven Sketches 7.5.2: Behavior types — the constant sheaf and sheaves of locally defined continuous maps
7sketches:7.5.2:ex7.80	ABSENT	#903	6	Seven Sketches 7.5.2: Behavior types — the constant sheaf and sheaves of locally defined continuous maps
7sketches:7.5.3:eq7.82	ABSENT	#904	6	Seven Sketches 7.5.3: A behavior contract as a formula of the internal temporal logic
7sketches:7.2.1:remark-topos-properties	PARTIAL	#405	6	part: topos-properties list: the colimits clause
7sketches:7.2.1:def7.5	PARTIAL	#672	6	part: monomorphism as a pullback square
7sketches:7.2.1:def7.5	PARTIAL	#323	6	part: epimorphism as a pushout square
7sketches:7.2.2:construction-subobject-classifier-set	PARTIAL	#402	6	also covered by existing issue
7sketches:7.3:remark-presheaf-topos	PARTIAL	#404	6	part: presheaf categories are toposes
7sketches:7.3.1:example7.23	PARTIAL	#705	6	part: presheaves on the arrow shape are directed graphs
7sketches:7.3.1:example7.23	PARTIAL	#346	6	part: presheaves are the free colimit completion of C
7sketches:7.3.2:def7.25	ABSENT	#259	6	also covered by existing issue
7sketches:7.3.2:example7.28	ABSENT	#456	6	also covered by existing issue
7sketches:7.3.2:ex7.29	ABSENT	#456	6	also covered by existing issue
7sketches:7.3.2:ex7.32	ABSENT	#457	6	also covered by existing issue
7sketches:7.3.2:construction-opens-preorder	PARTIAL	#268	6	also covered by existing issue
7sketches:7.4.2:eq7.56	PARTIAL	#685	6	also covered by existing issue
7sketches:7.4.2:eq7.57	PARTIAL	#685	6	also covered by existing issue
7sketches:7.4.2:def-negation	ABSENT	#685	6	also covered by existing issue
7sketches:7.4.2:ex7.60	PARTIAL	#685	6	also covered by existing issue
7sketches:7.4.2:example7.58	ABSENT	#685	6	also covered by existing issue
7sketches:7.4.2:ex7.59	ABSENT	#685	6	also covered by existing issue
7sketches:7.2.1:def-cartesian-closed	PRESENT	-	-	Structure/Cartesian/Closed.v:43 Closed; Structure/Cartesian/Closed.v:165 curry_comp_l; Structure/Monoidal/Internal/Product.v:442 CCC_ClosedMonoidal
7sketches:7.2.1:def-elementary-topos	PRESENT	-	-	Structure/Topos.v:112 ElementaryTopos; Instance/FinSet/Topos.v:38 FinSet_Topos; Structure/SubobjectClassifier.v:44 SubobjectClassifier
7sketches:7.2.1:ex7.4	PRESENT	-	-	Theory/Morphisms/Stability.v:106 pullback_paste; Theory/Morphisms/Stability.v:160 pullback_unpaste
7sketches:7.2.1:ex7.6	PRESENT	-	-	Instance/Sets.v:369 injectivity_is_monic
7sketches:7.2.1:ex7.7	PRESENT	-	-	Theory/Morphisms/Stability.v:264 iso_pullback_stable; Theory/Subobject/Functor.v:127 is_pullback_along_id
7sketches:7.2.1:ex7.8	PRESENT	-	-	Theory/Morphisms/Stability.v:226 monic_pullback_stable; Theory/Subobject/Functor.v:38 sub_reindex
7sketches:7.2.1:ex7.9	PRESENT	-	-	Instance/Sets/Image.v:143 Sets_Image_Factorization; Instance/Sets/Image.v:103 Sets_Image_comm
7sketches:7.2.1:prop7.3	PRESENT	-	-	Theory/Morphisms/Stability.v:106 pullback_paste; Theory/Morphisms/Stability.v:160 pullback_unpaste; Theory/Morphisms/Stability.v:55 IsPullback
7sketches:7.2.2:def7.12	PRESENT	-	-	Structure/SubobjectClassifier.v:44 SubobjectClassifier; Structure/SubobjectClassifier.v:187 classifier_classifies; Structure/SubobjectClassifier.v:64 truth_monic
7sketches:7.3.1:def7.22	PRESENT	-	-	Instance/Fun.v:108 Fun; Theory/Functor.v:96 Functor
7sketches:7.3.3:example7.46	OUT_OF_SCOPE	-	-	OOS: The item's content is differential/algebraic topology — manifolds, tangent bundl
7sketches:7.5.2:example7.81	OUT_OF_SCOPE	-	-	OOS: The content is continuous-time dynamics — flows of a vector field interleaved wi
7sketches:7.5:remark7.75	OUT_OF_SCOPE	-	-	OOS: Pure signposting prose about the book's own exposition — it asserts nothing math
riehl:1.0:def-group-extension	ABSENT	#905	10	Riehl 1.0: Group extensions, Ext(H,G), and the universal coefficient sequence
riehl:1.0:eq1	ABSENT	#905	10	Riehl 1.0: Group extensions, Ext(H,G), and the universal coefficient sequence
riehl:1.1:def-quiver	PARTIAL	#906	10	Riehl 1.1: Reflexive quivers and the underlying reflexive quiver of a category
riehl:1.1:lem14	PARTIAL	#907	10	Riehl 1.1: The maximal subgroupoid of a category as a wide subcategory
riehl:1.1:exii	PARTIAL	#907	10	Riehl 1.1: The maximal subgroupoid of a category as a wide subcategory
riehl:1.2:lem3	ABSENT	#908	10	Riehl 1.2: Representable characterizations of isomorphisms, split epimorphisms and split monomorphisms
riehl:1.2:remark4	PARTIAL	#908	10	Riehl 1.2: Representable characterizations of isomorphisms, split epimorphisms and split monomorphisms
riehl:1.2:exv	PARTIAL	#908	10	Riehl 1.2: Representable characterizations of isomorphisms, split epimorphisms and split monomorphisms
riehl:1.3:thm3	ABSENT	#909	10	Riehl 1.3: The Brouwer fixed-point theorem via the fundamental group
riehl:1.3:example4	ABSENT	#910	10	Riehl 1.3: Functorial clustering — FinMetric, Cluster, and persistent clusters
riehl:1.3:example15	ABSENT	#911	10	Riehl 1.3: The fundamental theorem of Galois theory as an isomorphism of categories
riehl:1.3:exviii	ABSENT	#912	10	Riehl 1.3/1.5: Counterexamples — functors need not reflect isomorphisms, and full or faithful alone does not suffice
riehl:1.5:exv	PARTIAL	#912	10	Riehl 1.3/1.5: Counterexamples — functors need not reflect isomorphisms, and full or faithful alone does not suffice
riehl:1.3:exix	ABSENT	#913	10	Riehl 1.3: Centre, commutator, automorphism and conjugacy-class functors on Grp and its wide subcategories
riehl:1.3:exx	ABSENT	#913	10	Riehl 1.3: Centre, commutator, automorphism and conjugacy-class functors on Grp and its wide subcategories
riehl:1.4:prop6	ABSENT	#914	10	Riehl 1.4: The torsion subgroup of a finitely generated abelian group and the non-naturality of its splitting
riehl:1.4:exv	ABSENT	#914	10	Riehl 1.4: The torsion subgroup of a finitely generated abelian group and the non-naturality of its splitting
riehl:1.4:example8	ABSENT	#915	10	Riehl 1.4: The Riesz representation theorem as a natural isomorphism
riehl:1.4:exiv	ABSENT	#916	10	Riehl 1.4: Natural transformations between the identity and the add-a-point endofunctor on Sets
riehl:1.5:lem10	PARTIAL	#917	10	Riehl 1.5/1.6: Transporting a morphism along isomorphisms — the conjugation toolkit
riehl:1.5:exiii	PARTIAL	#917	10	Riehl 1.5/1.6: Transporting a morphism along isomorphisms — the conjugation toolkit
riehl:1.6:lem12	PARTIAL	#917	10	Riehl 1.5/1.6: Transporting a morphism along isomorphisms — the conjugation toolkit
riehl:1.6:lem13	PARTIAL	#917	10	Riehl 1.5/1.6: Transporting a morphism along isomorphisms — the conjugation toolkit
riehl:1.5:example11	ABSENT	#918	10	Riehl 1.5: The essential image of a functor, and a fully faithful functor as an equivalence onto it
riehl:1.5:def-essentially-small	ABSENT	#919	10	Riehl 1.5: Essentially small and essentially discrete categories
riehl:1.5:exvii	ABSENT	#919	10	Riehl 1.5: Essentially small and essentially discrete categories
riehl:1.5:remark-equivalence-invariance	PARTIAL	#920	10	Riehl 1.5: Equivalence-invariance of categorical notions
riehl:1.5:exii	ABSENT	#921	10	Riehl 1.5: Segal's category Gamma and the opposite of finite pointed sets
riehl:1.5:exviii	ABSENT	#922	10	Riehl 1.5: Affine and projective planes as equivalent groupoids
riehl:1.5:example19	ABSENT	#923	10	Riehl 1.5: The action groupoid and the categorified orbit-stabilizer theorem
riehl:1.6:remark21	PARTIAL	#924	10	Riehl 1.6: Cancellation criteria for pasted squares, and the failure of the converse
riehl:1.6:lem22	PARTIAL	#924	10	Riehl 1.6: Cancellation criteria for pasted squares, and the failure of the converse
riehl:1.7:remark3	PARTIAL	#925	10	Riehl 1.7: Size of functor categories — local smallness of [C, D]
riehl:1.7:exi	PARTIAL	#925	10	Riehl 1.7: Size of functor categories — local smallness of [C, D]
riehl:1.1:def-commute	PARTIAL	#216	10	also covered by existing issue
riehl:1.6:def-commutes	PARTIAL	#216	10	also covered by existing issue
riehl:1.6:lem20	PARTIAL	#216	10	also covered by existing issue
riehl:1.1:remark2	PARTIAL	#217	10	also covered by existing issue
riehl:1.1:example3	PARTIAL	#226	10	part: (i)-(x),(xii) the roster of large concrete categories
riehl:1.1:example3	PARTIAL	#641	10	part: (xi) the category Poset of posets and monotone maps
riehl:1.1:example4	PARTIAL	#221	10	part: (i) the matrix category Mat_R
riehl:1.1:example4	PARTIAL	#220	10	part: (ii) the delooping BG of a group or monoid
riehl:1.1:example4	PARTIAL	#226	10	part: (vii) the category Measure of a.e.-classes of measurable maps
riehl:1.1:remark5	PARTIAL	#253	10	also covered by existing issue
riehl:1.1:def6	PARTIAL	#253	10	also covered by existing issue
riehl:1.1:def7	PARTIAL	#253	10	also covered by existing issue
riehl:1.1:def-endomorphism	ABSENT	#643	10	also covered by existing issue
riehl:1.1:example11	PARTIAL	#645	10	also covered by existing issue
riehl:1.1:def12	PARTIAL	#248	10	also covered by existing issue
riehl:1.1:example13	ABSENT	#248	10	part: (i) a group is a one-object groupoid
riehl:1.1:example13	ABSENT	#249	10	part: (ii) the fundamental groupoid of a space
riehl:1.1:exiv	PARTIAL	#260	10	also covered by existing issue
riehl:1.2:example2	ABSENT	#220	10	part: (iii) (BG)^op is isomorphic to B(G^op)
riehl:1.2:example2	ABSENT	#223	10	part: (ii) the opposite of a preorder is the reversed preorder
riehl:1.2:example8	PARTIAL	#245	10	also covered by existing issue
riehl:1.2:remark10	ABSENT	#657	10	also covered by existing issue
riehl:1.2:lem11	PARTIAL	#250	10	also covered by existing issue
riehl:1.2:exi	PARTIAL	#646	10	also covered by existing issue
riehl:1.2:exii	PARTIAL	#250	10	also covered by existing issue
riehl:1.2:exiii	ABSENT	#226	10	also covered by existing issue
riehl:1.2:exiv	ABSENT	#250	10	also covered by existing issue
riehl:1.2:exvii	PARTIAL	#422	10	also covered by existing issue
riehl:1.2:exviii	ABSENT	#657	10	also covered by existing issue
riehl:1.3:example2	PARTIAL	#227	10	part: (i) the covariant power-set functor with direct image
riehl:1.3:example2	PARTIAL	#226	10	part: (ii)-(v),(viii)-(xi) the roster's forgetful and structural functors
riehl:1.3:example7	PARTIAL	#704	10	part: (i) the contravariant power-set functor with inverse image
riehl:1.3:example7	PARTIAL	#268	10	part: (iii)-(v) the open-set functor, Spec, and the sheaf of continuous functions
riehl:1.3:example9	ABSENT	#234	10	also covered by existing issue
riehl:1.3:cor10	PARTIAL	#234	10	also covered by existing issue
riehl:1.3:lem-preserves-split	PARTIAL	#656	10	also covered by existing issue
riehl:1.3:construction-cat	PARTIAL	#253	10	part: Cat versus CAT and the smallness stratification
riehl:1.3:construction-cat	PARTIAL	#698	10	part: the standard categories as subcategories of Cat
riehl:1.3:example14	PARTIAL	#267	10	part: (vi) the opposite construction as an automorphism of CAT
riehl:1.3:example14	PARTIAL	#248	10	part: (ii) every groupoid is isomorphic to its opposite
riehl:1.3:example14	PARTIAL	#221	10	part: (v) Mat_R is isomorphic to its opposite by transpose
riehl:1.3:example14	PARTIAL	#248	10	part: (i) BG is isomorphic to BG^op by inversion, the one-object case of clause (ii); ledger row only
riehl:1.3:example14	PARTIAL	#258	10	part: (iii) R-Mod is isomorphic to Mod_{R^op} via the opposite ring; ledger row only
riehl:1.3:example14	PARTIAL	#259	10	part: (iv) O(X) is isomorphic to C(X)^op by complementation; filed ONCE, same statement as riehl:1.4:example4 clause (v)
riehl:1.3:construction-set-partial	PARTIAL	#708	10	also covered by existing issue
riehl:1.5:example6	PARTIAL	#708	10	also covered by existing issue
riehl:1.3:exi	ABSENT	#234	10	also covered by existing issue
riehl:1.3:exii	PARTIAL	#234	10	also covered by existing issue
riehl:1.3:exiii	ABSENT	#712	10	also covered by existing issue
riehl:1.3:exv	PARTIAL	#656	10	part: functors and split epimorphisms, with the four dual variants
riehl:1.3:exv	PARTIAL	#267	10	part: the variance bijection between functors out of C^op and into D^op
riehl:1.4:example4	PARTIAL	#237	10	part: (i)-(ii) the double-dual evaluation transformation and the non-naturality of V ~= V*
riehl:1.4:example4	PARTIAL	#227	10	part: (iii) the singleton unit from the identity to the power-set functor
riehl:1.4:example4	PARTIAL	#255	10	part: (vi) the opposite-group endofunctor is naturally isomorphic to the identity
riehl:1.4:example4	PARTIAL	#278	10	part: (iv) a natural transformation between BG-functors is one G-equivariant morphism; already delivered by #278 Work item 2, ledger row only
riehl:1.4:example4	PARTIAL	#259	10	part: (v) O and C : Top^op -> Set naturally isomorphic by complementation; filed ONCE, same statement as riehl:1.3:example14 clause (iv)
riehl:1.4:example4	PARTIAL	#237	10	part: (vii) no-cloning as Riehl's concrete Vect_k computation; weaker in-tree counterpart Structure/Monoidal/Collapse.v:526 no_cloning
riehl:1.4:example11	PARTIAL	#284	10	also covered by existing issue
riehl:1.4:exii	ABSENT	#241	10	also covered by existing issue
riehl:1.4:exiii	ABSENT	#242	10	also covered by existing issue
riehl:1.4:exix	ABSENT	#572	10	also covered by existing issue
riehl:1.5:lem1	ABSENT	#271	10	also covered by existing issue
riehl:1.5:exi	ABSENT	#271	10	also covered by existing issue
riehl:1.5:remark8	PARTIAL	#231	10	part: locality of fullness and faithfulness; full subcategories
riehl:1.5:remark8	PARTIAL	#697	10	part: embeddings and full embeddings (injectivity on objects)
riehl:1.5:def-connected	ABSENT	#248	10	also covered by existing issue
riehl:1.5:prop13	ABSENT	#248	10	also covered by existing issue
riehl:1.5:cor14	ABSENT	#249	10	also covered by existing issue
riehl:1.5:remark15	ABSENT	#249	10	also covered by existing issue
riehl:1.5:def16	ABSENT	#374	10	also covered by existing issue
riehl:1.5:remark17	ABSENT	#374	10	also covered by existing issue
riehl:1.5:example18	ABSENT	#374	10	also covered by existing issue
riehl:1.5:example12	ABSENT	#244	10	also covered by existing issue
riehl:1.5:exvi	PARTIAL	#231	10	also covered by existing issue
riehl:1.5:exix	ABSENT	#710	10	also covered by existing issue
riehl:1.6:def3	PARTIAL	#500	10	also covered by existing issue
riehl:1.6:example6	PARTIAL	#300	10	also covered by existing issue
riehl:1.6:example9	PARTIAL	#300	10	also covered by existing issue
riehl:1.6:remark7	PARTIAL	#299	10	also covered by existing issue
riehl:1.6:example8	PARTIAL	#224	10	also covered by existing issue
riehl:1.6:example15	PARTIAL	#652	10	part: (ix) initial and terminal objects in a preorder are minimum and maximum
riehl:1.6:example15	PARTIAL	#226	10	part: (ii)-(vii) initial and terminal objects across the roster categories
riehl:1.6:lem16	PARTIAL	#247	10	also covered by existing issue
riehl:1.6:exi	ABSENT	#247	10	also covered by existing issue
riehl:1.6:exii	PARTIAL	#247	10	also covered by existing issue
riehl:1.6:def18	PARTIAL	#263	10	also covered by existing issue
riehl:1.6:example19	PARTIAL	#263	10	also covered by existing issue
riehl:1.6:exiv	ABSENT	#231	10	also covered by existing issue
riehl:1.6:exv	ABSENT	#649	10	also covered by existing issue
riehl:1.6:exvi	ABSENT	#644	10	also covered by existing issue
riehl:1.7:def8	PARTIAL	#283	10	also covered by existing issue
riehl:1.7:exiv	ABSENT	#288	10	also covered by existing issue
riehl:1.1:def-subcategory	PRESENT	-	-	Construction/Subcategory.v:31 Subcategory; Construction/Subcategory.v:50 Sub; Construction/Subcategory.v:59 Incl
riehl:1.1:def1	PRESENT	-	-	Theory/Category.v:111 Category; Theory/Category.v:206 Build_Category'
riehl:1.1:def10	PRESENT	-	-	Theory/Isomorphism.v:113 Isomorphism; Theory/Isomorphism.v:133 IsIsomorphism; Theory/Isomorphism.v:187 iso_equivalence
riehl:1.1:def8	PRESENT	-	-	Theory/Category.v:111 Category; Functor/Hom.v:49 Hom
riehl:1.1:exi	PRESENT	-	-	Theory/Isomorphism.v:301 comp_inverse_unique; Theory/Isomorphism.v:392 Monic_Retraction_Iso; Theory/Isomorphism.v:317 to_equiv_implies_iso_equiv
riehl:1.1:exiii	PRESENT	-	-	Construction/Slice.v:123 Slice; Construction/Slice.v:169 Coslice; Construction/Slice.v:140 Comma_Slice
riehl:1.2:def1	PRESENT	-	-	Construction/Opposite.v:106 Opposite; Construction/Opposite.v:126 op_invol
riehl:1.2:def7	PRESENT	-	-	Theory/Morphisms.v:116 Monic; Theory/Morphisms.v:104 Epic
riehl:1.2:example9	PRESENT	-	-	Theory/Morphisms.v:179 sections_are_monic; Theory/Morphisms.v:162 retractions_are_epic; Theory/Isomorphism.v:264 iso_to_monic
riehl:1.2:exvi	PRESENT	-	-	Theory/Isomorphism.v:392 Monic_Retraction_Iso; Theory/Morphisms.v:162 retractions_are_epic; Theory/Isomorphism.v:412 Epic_Section_Iso
riehl:1.2:lem-mono-epi-representable	PRESENT	-	-	Theory/Morphisms.v:116 Monic; Theory/Morphisms.v:104 Epic; Functor/Hom.v:60 Curried_Hom
riehl:1.3:def-iso-categories	PRESENT	-	-	Construction/Funny/Swap.v:143 Funny_swap; Theory/Functor.v:508 Functor_StrictEq_Setoid; Theory/Equivalence.v:172 Cat_Iso_to_Equivalence
riehl:1.3:def1	PRESENT	-	-	Theory/Functor.v:96 Functor
riehl:1.3:def11	PRESENT	-	-	Functor/Hom.v:60 Curried_Hom; Functor/Hom.v:146 Curried_CoHom
riehl:1.3:def12	PRESENT	-	-	Construction/Product.v:95 Product; Instance/Cat/Cartesian.v:39 Cat_Cartesian
riehl:1.3:def13	PRESENT	-	-	Functor/Hom.v:49 Hom; Functor/Bifunctor.v:104 bimap_id_right_left
riehl:1.3:def5	PRESENT	-	-	Functor/Opposite.v:56 contramap; Construction/Opposite.v:106 Opposite; Theory/Subobject/Functor.v:180 Sub
riehl:1.3:def6	PRESENT	-	-	Construction/Opposite.v:137 op / unop; Functor/Opposite.v:56 contramap; Construction/Opposite.v:123 C ^op notation
riehl:1.3:exiv	PRESENT	-	-	Functor/Hom.v:49 Hom; Functor/Hom.v:60 Curried_Hom
riehl:1.3:exvi	PRESENT	-	-	Construction/Comma.v:127 Comma; Construction/Comma.v:196 comma_proj1
riehl:1.3:exvii	PRESENT	-	-	Construction/Slice.v:140 Comma_Slice; Construction/Slice.v:181 Comma_Coslice
riehl:1.3:lem8	PRESENT	-	-	Theory/Functor.v:227 fobj_iso; Theory/Bicategory/Pseudofunctor.v:57 map_iso
riehl:1.4:def1	PRESENT	-	-	Theory/Natural/Transformation.v:113 Transform
riehl:1.4:def3	PRESENT	-	-	Instance/Fun.v:255 Functor_Setoid_Nat_Iso; Theory/Functor.v:148 Functor_Setoid
riehl:1.4:example9	PRESENT	-	-	Functor/Hom.v:60 Curried_Hom; Functor/Hom/Yoneda.v:231 Yoneda_Embedding; Functor/Hom.v:49 Hom
riehl:1.4:exi	PRESENT	-	-	Instance/Fun.v:255 Functor_Setoid_Nat_Iso; Instance/Fun.v:308 equiv_iso
riehl:1.4:exvi	PRESENT	-	-	Functor/Hom/Yoneda.v:231 Yoneda_Embedding; Functor/Hom/Yoneda.v:253 Covariant_Yoneda_Embedding
riehl:1.4:exvii	PRESENT	-	-	Construction/Comma.v:214 comma_proj_nat
riehl:1.4:exviii	PRESENT	-	-	Theory/Dinatural.v:51 Dinatural; Structure/Wedge.v:38 Wedge
riehl:1.5:def4	PRESENT	-	-	Theory/Equivalence.v:151 EquivalenceOfCategories; Theory/Equivalence/Bundled.v:36 CategoryEquivalence
riehl:1.5:def7	PRESENT	-	-	Theory/Functor.v:331 Full; Theory/Functor.v:342 Faithful; Theory/Equivalence.v:141 EssentiallySurjective
riehl:1.5:exiv	PRESENT	-	-	Theory/Equivalence/Limit.v:335 ff_reflects_isos; Theory/Functor.v:355 FullyFaithful; Theory/Functor.v:227 fobj_iso
riehl:1.5:lem5	PRESENT	-	-	Theory/Equivalence/Bundled.v:115 Equivalence_trans; Theory/Equivalence/Bundled.v:111 Equivalence_sym; Theory/Equivalence/Bundled.v:108 Equivalence_refl
riehl:1.5:thm9	PRESENT	-	-	Theory/Equivalence/FullFaithful.v:160 FF_ESO_Equivalence; Theory/Equivalence/FullFaithful.v:214 Equivalence_Full; Theory/Equivalence/FullFaithful.v:171 Equivalence_Faithful
riehl:1.6:def-replete	PRESENT	-	-	Construction/Subcategory.v:87 Replete
riehl:1.6:def14	PRESENT	-	-	Structure/Terminal.v:107 Terminal; Structure/Initial.v:112 zero_unique; Structure/ZeroObject.v:35 ZeroObject
riehl:1.6:def2	PRESENT	-	-	Theory/Algebra/Monoid.v:44 Monoid; Structure/Monoid.v:124 MonoidObject
riehl:1.6:def4	PRESENT	-	-	Structure/Limit.v:113 Limit; Theory/Functor.v:96 Functor; Structure/Cone.v:24 ACone
riehl:1.6:exiii	PRESENT	-	-	Instance/Coq/Par.v:229 Par_Initial; Instance/Coq/Par.v:213 Par_Terminal
riehl:1.6:lem11	PRESENT	-	-	Theory/Category.v:122 compose_respects; Theory/Category.v:133 comp_assoc
riehl:1.6:lem17	PRESENT	-	-	Structure/Terminal.v:111 one_unique; Structure/Initial.v:112 zero_unique
riehl:1.6:lem5	PRESENT	-	-	Theory/Functor.v:258 Compose; Theory/Functor.v:106 fmap_comp / fmap_respects
riehl:1.7:construction-functor-category	PRESENT	-	-	Instance/Fun.v:108 Fun; Theory/Natural/Transformation.v:220 nat_id
riehl:1.7:cor2	PRESENT	-	-	Instance/Fun.v:108 Fun; Instance/Fun.v:137 nat_comp_assoc; Instance/Fun.v:129 nat_id_left / nat_id_right
riehl:1.7:exii	PRESENT	-	-	Theory/Bicategory/Adjunction.v:136 hcomp2_lwhisker_rwhisker; Theory/Bicategory/Adjunction.v:145 hcomp2_rwhisker_lwhisker; Instance/Fun.v:196 whisker_left_right
riehl:1.7:exiii	PRESENT	-	-	Instance/Cat/Bicategory.v:64 Cat_Hcompose; Theory/Bicategory/Adjunction.v:79 hcomp2_comp
riehl:1.7:exv	PRESENT	-	-	Theory/Equivalence/Bundled.v:94 EquivalenceOfCategories_Compose; Theory/Equivalence/Bundled.v:83 EquivalenceOfCategories_Compose_unit; Theory/Equivalence/Bundled.v:72 EquivalenceOfCategories_Compose_counit
riehl:1.7:exvi	PRESENT	-	-	Instance/Cat/Cartesian/Closed.v:47 Cat_Closed; Structure/Closed.v:124 Curry
riehl:1.7:exvii	PRESENT	-	-	Functor/Hom.v:60 Curried_Hom; Functor/Hom.v:49 Hom; Functor/Hom.v:109 Yoneda_Embedding'
riehl:1.7:lem1	PRESENT	-	-	Theory/Natural/Transformation.v:231 nat_compose; Theory/Natural/Transformation.v:113 Transform (naturality)
riehl:1.7:lem4	PRESENT	-	-	Theory/Natural/Transformation.v:283 nat_hcompose; Instance/Fun.v:196 whisker_left_right
riehl:1.7:lem7	PRESENT	-	-	Theory/Bicategory/Adjunction.v:79 hcomp2_comp; Instance/Cat/Bicategory.v:64 Cat_Hcompose
riehl:1.7:remark6	PRESENT	-	-	Theory/Natural/Transformation.v:347 whisker_left; Theory/Natural/Transformation.v:329 whisker_right; Theory/Bicategory/Adjunction.v:90 lwhisker
riehl:2.0:construction-ncolor	ABSENT	#926	10	Riehl 2.0/2.4: The n-colouring functor on graphs, its representing object K_n, and the category of n-coloured graphs
riehl:2.4:example3	ABSENT	#926	10	Riehl 2.0/2.4: The n-colouring functor on graphs, its representing object K_n, and the category of n-coloured graphs
riehl:2.1:example5	ABSENT	#927	10	part: clause (i); the other thirteen clauses are covered elsewhere — see Dependencies
riehl:2.1:def3	PARTIAL	#928	10	Riehl 2.1/2.4: Initial and terminal objects as representations of the constant singleton functor
riehl:2.4:remark-every-category-is-elements	ABSENT	#928	10	Riehl 2.1/2.4: Initial and terminal objects as representations of the constant singleton functor
riehl:2.1:example5	ABSENT	#929	10	part: clauses (ix)–(xii) only
riehl:2.2:example9	ABSENT	#929	10	Riehl 2.1/2.2: The objects, morphisms and isomorphisms functors on Cat and their representing categories
riehl:2.2:exiv	ABSENT	#929	10	Riehl 2.1/2.2: The objects, morphisms and isomorphisms functors on Cat and their representing categories
riehl:2.3:exi	ABSENT	#929	10	part: clause (i) only
riehl:2.1:exiv	ABSENT	#930	10	Riehl 2.1: Subfunctors of a represented functor and the sieve condition
riehl:2.1:exii	ABSENT	#931	10	Riehl 2.1: Representable functors preserve monomorphisms
riehl:2.1:exiii	ABSENT	#932	10	Riehl 2.1: Transporting representability along natural isomorphisms and equivalences of categories
riehl:2.1:example5	ABSENT	#933	10	part: clauses (iii), (vi), (vii), (viii) only
riehl:2.1:exi	ABSENT	#933	10	Riehl 2.1/2.4: Representable functors on Grp and Rng — free and cyclic groups, tuples, units, and their universal elements
riehl:2.4:example12	PARTIAL	#933	10	part: clauses (iv) and (vi) only
riehl:2.1:example5	ABSENT	#934	10	part: clauses (ii), (xiv) only
riehl:2.1:example6	PARTIAL	#934	10	part: clauses (ii), (iii) only
riehl:2.2:exvi	ABSENT	#934	10	Riehl 2.1/2.2/2.4: Representable functors on Top — underlying sets, opens and closeds, paths and reparameterizations
riehl:2.2:exvii	ABSENT	#934	10	part: part (i) only
riehl:2.3:exi	ABSENT	#934	10	part: clauses (ii), (iii) only
riehl:2.4:exv	ABSENT	#934	10	Riehl 2.1/2.2/2.4: Representable functors on Top — underlying sets, opens and closeds, paths and reparameterizations
riehl:2.1:example6	PARTIAL	#935	10	part: clause (v) only
riehl:2.2:exvii	ABSENT	#935	10	part: part (ii) only
riehl:2.4:example12	PARTIAL	#935	10	part: clauses (ii) and (v) only
riehl:2.3:prop10	ABSENT	#936	10	Riehl 2.3/2.4: Unit, associativity and commutativity of the tensor product from its universal property
riehl:2.3:remark12	ABSENT	#936	10	Riehl 2.3/2.4: Unit, associativity and commutativity of the tensor product from its universal property
riehl:2.3:exii	ABSENT	#936	10	Riehl 2.3/2.4: Unit, associativity and commutativity of the tensor product from its universal property
riehl:2.4:example12	PARTIAL	#936	10	part: clause (iii) only
riehl:2.2:exv	ABSENT	#937	10	Riehl 2.2/2.3/2.4: Natural endomorphisms of the power-set functor, its category of elements, and the non-uniqueness of universal elements
riehl:2.3:exiv	ABSENT	#937	10	Riehl 2.2/2.3/2.4: Natural endomorphisms of the power-set functor, its category of elements, and the non-uniqueness of universal elements
riehl:2.4:example12	PARTIAL	#937	10	part: clause (i) only
riehl:2.2:example1	PARTIAL	#938	10	Riehl 2.2: The Yoneda lemma and embedding computed directly at the ordinal category omega
riehl:2.2:exiii	PARTIAL	#938	10	Riehl 2.2: The Yoneda lemma and embedding computed directly at the ordinal category omega
riehl:2.2:example2	ABSENT	#939	10	Riehl 2.2: The Yoneda lemma for a group — equivariant maps out of the regular representation
riehl:2.2:prop3	ABSENT	#939	10	Riehl 2.2: The Yoneda lemma for a group — equivariant maps out of the regular representation
riehl:2.3:example7	ABSENT	#940	10	Riehl 2.3/2.4: Torsors — representable G-sets are the free transitive actions, and the category of elements is the action groupoid
riehl:2.4:example10	ABSENT	#940	10	Riehl 2.3/2.4: Torsors — representable G-sets are the free transitive actions, and the category of elements is the action groupoid
riehl:2.2:cor10	ABSENT	#941	10	Riehl 2.2: Row operations are left multiplication by a matrix
riehl:2.3:def-representable-isomorphism	PARTIAL	#942	10	Riehl 2.3: Representably isomorphic objects — isomorphism of objects is natural isomorphism of represented functors
riehl:2.3:prop1	PARTIAL	#942	10	Riehl 2.3: Representably isomorphic objects — isomorphism of objects is natural isomorphism of represented functors
riehl:2.1:example5	ABSENT	#943	10	part: clause (xiii) only
riehl:2.4:example4	ABSENT	#943	10	Riehl 2.1/2.4: Pointed objects as the category of elements of an underlying-set functor
riehl:2.4:example5	PARTIAL	#944	10	Riehl 2.4: The category of elements over a discrete base — dependent sums, dependent products and sections
riehl:2.4:example6	PARTIAL	#945	10	Riehl 2.4: Slice and coslice categories as the categories of elements of represented functors
riehl:2.4:prop8	PARTIAL	#946	10	Riehl 2.4: Universal elements are exactly the initial (resp. terminal) objects of the category of elements
riehl:2.4:exiv	PARTIAL	#946	10	Riehl 2.4: Universal elements are exactly the initial (resp. terminal) objects of the category of elements
riehl:2.4:prop9	PARTIAL	#947	10	Riehl 2.4: The subcategory of representations is empty or a contractible groupoid
riehl:2.4:prop14	ABSENT	#948	10	Riehl 2.4: Discrete fibrations and the characterization of categories of elements
riehl:2.4:exviii	ABSENT	#948	10	Riehl 2.4: Discrete fibrations and the characterization of categories of elements
riehl:2.4:exix	ABSENT	#948	10	Riehl 2.4: Discrete fibrations and the characterization of categories of elements
riehl:2.4:exvi	ABSENT	#949	10	Riehl 2.4: The functor of preorders on a set and its category of elements
riehl:2.1:example1	PARTIAL	#252	10	also covered by existing issue
riehl:2.1:def-nno	PARTIAL	#637	10	also covered by existing issue
riehl:2.1:example5	ABSENT	#309	10	part: clauses (iv)-(v): free module and Z[x] as representing
riehl:2.1:example6	PARTIAL	#721	10	part: clause (i): the power-set functor is represented by Omega
riehl:2.2:thm4	PARTIAL	#316	10	also covered by existing issue
riehl:2.2:remark7	PARTIAL	#316	10	also covered by existing issue
riehl:2.2:construction-yoneda-bifunctor	PARTIAL	#316	10	also covered by existing issue
riehl:2.2:exi	PARTIAL	#316	10	also covered by existing issue
riehl:2.2:cor11	PARTIAL	#643	10	also covered by existing issue
riehl:2.3:example4	ABSENT	#309	10	also covered by existing issue
riehl:2.3:example6	PARTIAL	#311	10	also covered by existing issue
riehl:2.3:example8	ABSENT	#306	10	also covered by existing issue
riehl:2.3:example13	ABSENT	#518	10	also covered by existing issue
riehl:2.4:def1	PARTIAL	#345	10	also covered by existing issue
riehl:2.4:construction-elements-projection	PARTIAL	#345	10	also covered by existing issue
riehl:2.4:def2	PARTIAL	#345	10	also covered by existing issue
riehl:2.4:exii	ABSENT	#345	10	also covered by existing issue
riehl:2.4:lem7	ABSENT	#716	10	also covered by existing issue
riehl:2.4:exi	ABSENT	#716	10	also covered by existing issue
riehl:2.4:example11	PARTIAL	#252	10	also covered by existing issue
riehl:2.4:exiii	ABSENT	#652	10	also covered by existing issue
riehl:2.4:def13	ABSENT	#809	10	also covered by existing issue
riehl:2.4:exvii	ABSENT	#575	10	also covered by existing issue
riehl:2.1:example6	PARTIAL	#239	10	part: clause (iv): currying as a Representable instance; (vi)-(vii) out of scope
riehl:2.1:def4	PRESENT	-	-	Functor/Representable.v:46 Representable; Structure/UniversalProperty.v:72 representability_by_yoneda; Structure/UniversalProperty.v:175 univ_property_unique_up_to_unique_iso
riehl:2.2:cor8	PARTIAL	#918	10	part: trailing consequence only (C iso to the full subcategory of presheaves spanned by representables); the hom-set content is PRESENT
riehl:2.2:exii	OUT_OF_SCOPE	-	-	OOS: The exercise asks for a metamathematical EXPLANATION of how the duality principl
riehl:2.3:cor2	PRESENT	-	-	Structure/UniversalProperty.v:175 univ_property_unique_up_to_unique_iso; Structure/UniversalProperty.v:112 univ_property_unique; Structure/UniversalProperty/Universal/Arrow.v:61 UniversalArrowIsUniversalProperty
riehl:2.3:def3	PRESENT	-	-	Structure/UniversalProperty.v:72 representability_by_yoneda; Functor/Hom/Yoneda.v:133 Yoneda_Lemma; Structure/UniversalProperty.v:54 preyoneda
riehl:2.3:exiii	PRESENT	-	-	Structure/Cartesian/Closed.v:78 ump_exponents; Instance/Sets/Cartesian/Closed.v:38 Sets_Closed; Structure/Cartesian/Closed.v:101 curry_uncurry
riehl:2.4:exx	PRESENT	-	-	Structure/UniversalProperty/Cartesian.v:60 CartesianProductIsUniversalProperty; Structure/Cartesian.v:145 IsCartesianProduct / ump_product
riehl:3.1:prop7	PARTIAL	#950	10	Riehl 3.1: Essential uniqueness of limits and colimits
riehl:3.1:eq17	PARTIAL	#951	10	Riehl 3.1: The fiber of a morphism over a global element
riehl:3.1:example19	ABSENT	#952	10	Riehl 3.1: The least common multiple as a pullback in Ab, and the sign ambiguity of its cone
riehl:3.1:exviii	PARTIAL	#952	10	Riehl 3.1: The least common multiple as a pullback in Ab, and the sign ambiguity of its cone
riehl:3.1:example18	ABSENT	#953	10	Riehl 3.1: Concrete limits and colimits in Top — the fiber of the exponential covering map, and the wedge of circles and the torus as pushouts
riehl:3.1:example24	ABSENT	#953	10	Riehl 3.1: Concrete limits and colimits in Top — the fiber of the exponential covering map, and the wedge of circles and the torus as pushouts
riehl:3.2:example10	ABSENT	#954	10	Riehl 3.2/3.3/3.6: Limits and colimits of G-sets — fixed points, orbits, and objectwise versus natural isomorphism
riehl:3.3:example4	ABSENT	#954	10	Riehl 3.2/3.3/3.6: Limits and colimits of G-sets — fixed points, orbits, and objectwise versus natural isomorphism
riehl:3.6:exi	ABSENT	#954	10	Riehl 3.2/3.3/3.6: Limits and colimits of G-sets — fixed points, orbits, and objectwise versus natural isomorphism
riehl:3.3:lem6	PARTIAL	#955	10	Riehl 3.3: Associativity of binary products up to unique natural isomorphism, and a chosen product whose associator is not the identity
riehl:3.3:exii	PARTIAL	#955	10	Riehl 3.3: Associativity of binary products up to unique natural isomorphism, and a chosen product whose associator is not the identity
riehl:3.3:example7	ABSENT	#955	10	Riehl 3.3: Associativity of binary products up to unique natural isomorphism, and a chosen product whose associator is not the identity
riehl:3.3:example5	ABSENT	#956	10	Riehl 3.3: Species — permutations versus total orderings, and unlabeled structures as colimits over the automorphism groupoid
riehl:3.4:exvi	PARTIAL	#957	10	Riehl 3.2/3.4/3.8: Split idempotents as absolute limits and colimits
riehl:3.2:example14	PARTIAL	#957	10	Riehl 3.2/3.4/3.8: Split idempotents as absolute limits and colimits
riehl:3.8:exi	ABSENT	#957	10	Riehl 3.2/3.4/3.8: Split idempotents as absolute limits and colimits
riehl:3.4:prop8	PARTIAL	#958	10	part: the connected-colimit half; the limit half is filed on #438
riehl:3.4:exii	PARTIAL	#958	10	Riehl 3.4/3.6: Connected colimits — the coslice and category-of-elements projections create them, and slices of a bicomplete category are bicomplete
riehl:3.4:exiv	ABSENT	#958	10	Riehl 3.4/3.6: Connected colimits — the coslice and category-of-elements projections create them, and slices of a bicomplete category are bicomplete
riehl:3.6:prop5	PARTIAL	#958	10	Riehl 3.4/3.6: Connected colimits — the coslice and category-of-elements projections create them, and slices of a bicomplete category are bicomplete
riehl:3.5:thm5	PARTIAL	#959	10	Riehl 3.5: The Yoneda embedding preserves and reflects limits but does not create them
riehl:3.5:thm10	PARTIAL	#959	10	Riehl 3.5: The Yoneda embedding preserves and reflects limits but does not create them
riehl:3.5:exii	PARTIAL	#959	10	Riehl 3.5: The Yoneda embedding preserves and reflects limits but does not create them
riehl:3.5:remark14	PARTIAL	#959	10	Riehl 3.5: The Yoneda embedding preserves and reflects limits but does not create them
riehl:3.6:example11	PARTIAL	#960	10	Riehl 3.6: Internal equivalence relations — the kernel pair as a relation, and effective quotients
riehl:3.1:remark8	ABSENT	#961	10	Riehl 3.1/3.6: Cone-shape index categories, and pushouts in Cat computing the free monoid and free group on one generator
riehl:3.6:example8	ABSENT	#961	10	Riehl 3.1/3.6: Cone-shape index categories, and pushouts in Cat computing the free monoid and free group on one generator
riehl:3.6:exvi	ABSENT	#961	10	Riehl 3.1/3.6: Cone-shape index categories, and pushouts in Cat computing the free monoid and free group on one generator
riehl:3.6:exiv	ABSENT	#962	10	Riehl 3.6: Completeness and cocompleteness of Quiver and rQuiver, and the failure for Graph
riehl:3.6:example4	ABSENT	#963	10	Riehl 3.6: Configuration spaces of n points — the ordered configuration space, its symmetric-group action, and functoriality in finite sets and injections
riehl:3.6:exviii	ABSENT	#963	10	Riehl 3.6: Configuration spaces of n points — the ordered configuration space, its symmetric-group action, and functoriality in finite sets and injections
riehl:3.6:exix	ABSENT	#964	10	Riehl 3.6: Fiber spaces, trivial fiber spaces, and the sections functors
riehl:3.7:example4	ABSENT	#965	10	Riehl 3.6/3.7: Size obstructions — the large products Set does and does not admit, and the failure of cocompleteness for CAT
riehl:3.6:remark9	ABSENT	#965	10	Riehl 3.6/3.7: Size obstructions — the large products Set does and does not admit, and the failure of cocompleteness for CAT
riehl:3.7:lem1	ABSENT	#966	10	Riehl 3.7: The limit of the identity functor is the initial object
riehl:3.7:exi	ABSENT	#966	10	Riehl 3.7: The limit of the identity functor is the initial object
riehl:3.8:cor4	ABSENT	#967	10	Riehl 3.8: The extended real line as a bicomplete poset — lim inf, lim sup, and sup-inf at most inf-sup
riehl:3.8:example6	ABSENT	#967	10	Riehl 3.8: The extended real line as a bicomplete poset — lim inf, lim sup, and sup-inf at most inf-sup
riehl:3.8:remark5	ABSENT	#967	10	Riehl 3.8: The extended real line as a bicomplete poset — lim inf, lim sup, and sup-inf at most inf-sup
riehl:3.8:exii	ABSENT	#968	10	Riehl 3.8: Coprime group orders — BG-indexed limits commute with BH-indexed colimits in Set
riehl:3.1:def-direct-sums	PARTIAL	#336	10	also covered by existing issue
riehl:3.1:remark27	PARTIAL	#320	10	part: clauses (i)-(ii): the hom bijection out of a coproduct
riehl:3.1:remark27	PARTIAL	#336	10	part: clause (iii): the (I x J) matrix of component maps
riehl:3.1:exix	PARTIAL	#336	10	also covered by existing issue
riehl:3.1:def21	PARTIAL	#408	10	also covered by existing issue
riehl:3.2:example8	ABSENT	#408	10	also covered by existing issue
riehl:3.1:def23	PARTIAL	#320	10	also covered by existing issue
riehl:3.1:example10	ABSENT	#458	10	also covered by existing issue
riehl:3.1:example14	PARTIAL	#530	10	also covered by existing issue
riehl:3.1:example25	PARTIAL	#313	10	also covered by existing issue
riehl:3.1:exxi	ABSENT	#324	10	also covered by existing issue
riehl:3.1:example22	ABSENT	#409	10	also covered by existing issue
riehl:3.1:example26	ABSENT	#329	10	also covered by existing issue
riehl:3.1:exi	PARTIAL	#422	10	also covered by existing issue
riehl:3.6:prop10	ABSENT	#422	10	also covered by existing issue
riehl:3.6:exvii	ABSENT	#758	10	also covered by existing issue
riehl:3.1:exvii	ABSENT	#334	10	also covered by existing issue
riehl:3.1:exx	PARTIAL	#414	10	also covered by existing issue
riehl:3.6:prop6	PARTIAL	#414	10	also covered by existing issue
riehl:3.1:exxii	ABSENT	#568	10	also covered by existing issue
riehl:3.2:def3	PARTIAL	#407	10	also covered by existing issue
riehl:3.2:thm4	PARTIAL	#407	10	also covered by existing issue
riehl:3.2:example7	ABSENT	#407	10	also covered by existing issue
riehl:3.2:example5	PARTIAL	#254	10	also covered by existing issue
riehl:3.2:example9	PARTIAL	#333	10	also covered by existing issue
riehl:3.2:thm11	ABSENT	#416	10	also covered by existing issue
riehl:3.2:remark13	ABSENT	#416	10	also covered by existing issue
riehl:3.2:exii	ABSENT	#416	10	also covered by existing issue
riehl:3.5:thm11	ABSENT	#416	10	also covered by existing issue
riehl:3.2:exi	PARTIAL	#617	10	also covered by existing issue
riehl:3.6:exv	PARTIAL	#617	10	also covered by existing issue
riehl:3.2:exiii	PARTIAL	#575	10	also covered by existing issue
riehl:3.2:exiv	PARTIAL	#575	10	also covered by existing issue
riehl:3.2:exv	PARTIAL	#577	10	also covered by existing issue
riehl:3.2:exvi	ABSENT	#345	10	also covered by existing issue
riehl:3.3:prop1	PARTIAL	#353	10	also covered by existing issue
riehl:3.3:cor3	PARTIAL	#353	10	also covered by existing issue
riehl:3.3:example2	ABSENT	#462	10	also covered by existing issue
riehl:3.4:construction-canonical-comparison	PARTIAL	#419	10	also covered by existing issue
riehl:3.4:lem3	PARTIAL	#419	10	also covered by existing issue
riehl:3.4:exi	ABSENT	#419	10	also covered by existing issue
riehl:3.4:def1	PARTIAL	#427	10	part: clause (i): preservation of limits, at cone level
riehl:3.4:def1	PARTIAL	#481	10	part: clause (ii): reflection of limits
riehl:3.4:def1	PARTIAL	#406	10	part: clause (iii): creation of limits
riehl:3.4:def7	PARTIAL	#406	10	also covered by existing issue
riehl:3.4:remark2	ABSENT	#406	10	also covered by existing issue
riehl:3.4:exiii	ABSENT	#481	10	also covered by existing issue
riehl:3.4:lem5	PARTIAL	#481	10	also covered by existing issue
riehl:3.4:def4	PARTIAL	#890	10	also covered by existing issue
riehl:3.4:def-absolute	PARTIAL	#477	10	also covered by existing issue
riehl:3.4:def-connected	ABSENT	#352	10	also covered by existing issue
riehl:3.4:example10	ABSENT	#583	10	also covered by existing issue
riehl:3.4:exv	PARTIAL	#418	10	also covered by existing issue
riehl:3.4:prop9	PARTIAL	#426	10	part: strict creation of limits by evaluation to C^(ob A)
riehl:3.4:prop9	PARTIAL	#425	10	part: clauses (i),(ii): pointwise limits and colimits in C^A
riehl:3.4:prop8	PARTIAL	#438	10	part: strict creation of limits by the coslice projection
riehl:3.5:def-finite-diagram	ABSENT	#417	10	also covered by existing issue
riehl:3.5:thm17	ABSENT	#417	10	also covered by existing issue
riehl:3.5:eq1	PARTIAL	#428	10	also covered by existing issue
riehl:3.5:exi	PARTIAL	#428	10	also covered by existing issue
riehl:3.5:thm2	PARTIAL	#428	10	also covered by existing issue
riehl:3.5:thm6	PARTIAL	#428	10	also covered by existing issue
riehl:3.5:example4	PARTIAL	#321	10	also covered by existing issue
riehl:3.5:example8	ABSENT	#321	10	also covered by existing issue
riehl:3.5:lem15	ABSENT	#326	10	also covered by existing issue
riehl:3.5:lem16	ABSENT	#326	10	also covered by existing issue
riehl:3.6:prop1	PARTIAL	#329	10	also covered by existing issue
riehl:3.6:prop2	ABSENT	#458	10	also covered by existing issue
riehl:3.6:example3	ABSENT	#458	10	part: the topologize-the-underlying-(co)limit recipe
riehl:3.6:example3	ABSENT	#410	10	part: the p-adic solenoid as an omega^op limit in Top
riehl:3.6:example7	ABSENT	#345	10	also covered by existing issue
riehl:3.6:exii	ABSENT	#345	10	also covered by existing issue
riehl:3.6:exiii	PARTIAL	#529	10	also covered by existing issue
riehl:3.6:construction-cat-coproducts	PARTIAL	#355	10	part: decomposition into connected components
riehl:3.6:construction-cat-coproducts	PARTIAL	#338	10	part: small-family coproducts in Cat
riehl:3.7:def2	ABSENT	#423	10	also covered by existing issue
riehl:3.7:prop3	ABSENT	#423	10	also covered by existing issue
riehl:3.8:thm1	PARTIAL	#564	10	also covered by existing issue
riehl:3.8:lem3	ABSENT	#563	10	also covered by existing issue
riehl:3.8:thm9	ABSENT	#563	10	also covered by existing issue
riehl:3.8:def7	ABSENT	#559	10	also covered by existing issue
riehl:3.8:example8	ABSENT	#559	10	also covered by existing issue
riehl:3.1:def1	PRESENT	-	-	Functor/Diagonal.v:33 Diagonal; Functor/Diagonal.v:92 Transform_Const
riehl:3.1:def11	PRESENT	-	-	Structure/Limit/Terminal.v:33 Terminal_Limit
riehl:3.1:def13	PRESENT	-	-	Structure/Equalizer/Fork.v:225 equalizer_is_equalizer; Structure/Equalizer/Fork.v:52 IsEqualizer; Structure/Equalizer/Fork.v:273 is_equalizer_limit
riehl:3.1:def15	PRESENT	-	-	Structure/Pullback/Limit.v:68 Pullback_to_Universal; Structure/Pullback.v:161 Pullback; Structure/Pullback/Limit.v:113 Pullback_from_Universal
riehl:3.1:def2	PRESENT	-	-	Structure/Cone.v:24 ACone; Structure/Cone/Const.v:53 Cone_Natural_Transform; Structure/Cone.v:72 Cocone
riehl:3.1:def5	PRESENT	-	-	Structure/UniversalProperty/Limit.v:141 LimitIsUniversalProperty; Structure/Cone.v:79 ConePresheaf; Structure/Limit.v:129 IsALimit
riehl:3.1:def6	PRESENT	-	-	Instance/Cones/Limit.v:37 Limit_Cones; Instance/Cones.v:29 Cones; Structure/Limit.v:113 Limit
riehl:3.1:def9	PRESENT	-	-	Structure/Limit/Product.v:105 iprod_ump; Structure/Limit/Cartesian.v:39 Cartesian_Limit; Structure/UniversalProperty/Cartesian.v:60 CartesianProductIsUniversalProperty
riehl:3.1:example12	PRESENT	-	-	Instance/One.v:54 Cat_Terminal; Instance/StrictCat/Terminal.v:36 StrictCat_Terminal
riehl:3.1:exii	PRESENT	-	-	Structure/UniversalProperty.v:175 univ_property_unique_up_to_unique_iso; Structure/UniversalProperty/Limit.v:141 LimitIsUniversalProperty; Theory/Morphisms/Stability.v:329 pullback_transport
riehl:3.1:exiii	PRESENT	-	-	Instance/Cones/Comma.v:73 Cones_Comma; Instance/Cones/Comma.v:34 Cones_to_Comma
riehl:3.1:exiv	PRESENT	-	-	Structure/Equalizer/Fork.v:83 equalizer_monic
riehl:3.1:exv	PRESENT	-	-	Theory/Morphisms/Stability.v:226 monic_pullback_stable; Theory/Morphisms/Stability.v:264 iso_pullback_stable
riehl:3.1:exvi	PRESENT	-	-	Theory/Morphisms/Stability.v:106 pullback_paste; Theory/Morphisms/Stability.v:160 pullback_unpaste
riehl:3.1:lem28	PRESENT	-	-	Structure/UniversalProperty/Limit.v:104 cone_equiv_to_morphism_equiv; Structure/Limit/Preservation.v:166 colimit_med_eq
riehl:3.2:def1	PRESENT	-	-	Structure/Complete.v:115 Complete; Structure/Complete.v:119 Cocomplete
riehl:3.2:example6	PRESENT	-	-	Instance/Sets.v:248 Sets_Terminal; Structure/Limit/Terminal.v:33 Terminal_Limit
riehl:3.3:exi	PRESENT	-	-	Functor/Product/Internal.v:34 InternalProductFunctor; Structure/Cartesian.v:386 first_second; Structure/Cartesian.v:425 exl_split
riehl:3.4:lem6	PRESENT	-	-	Theory/Equivalence/Limit.v:486 equivalence_creates_limits; Theory/Equivalence/Limit.v:421 equivalence_preserves_limits; Theory/Equivalence/Limit.v:460 equivalence_reflects_limits
riehl:3.5:example7	PRESENT	-	-	Structure/Cartesian.v:136 ump_products; Structure/Cocartesian.v:200 merge_comp
riehl:3.5:example9	PRESENT	-	-	Structure/Pushout.v:72 pushout_ump; Structure/Pushout.v:128 pushout_med_eq
riehl:3.5:exiii	PRESENT	-	-	Theory/Morphisms.v:116 Monic; Theory/Morphisms.v:104 Epic; Instance/Sets.v:369 injectivity_is_monic
riehl:3.6:def-continuous	PRESENT	-	-	Structure/Limit/Preservation.v:229 PreservesAllLimits; Structure/Limit/Preservation.v:232 PreservesAllColimits; Structure/Complete.v:115 Complete
riehl:4.1:lem3	PARTIAL	#969	10	Riehl 4.1: Naturality of adjoint transposition as a bijection of commuting squares
riehl:4.1:exi	PARTIAL	#969	10	Riehl 4.1: Naturality of adjoint transposition as a bijection of commuting squares
riehl:4.1:example14	ABSENT	#970	10	Riehl 4.1: Chains of adjoint functors between the ordinal categories
riehl:4.1:example12	ABSENT	#971	10	Riehl 4.1: The forgetful functors out of the category of fields admit no adjoints
riehl:4.1:example15	PARTIAL	#972	10	Riehl 4.1: Groupoids in Cat — the core and the category of fractions as adjoints to the inclusion
riehl:4.3:prop1	PARTIAL	#973	10	Riehl 4.3: Uniqueness of adjoints up to a unique compatible natural isomorphism
riehl:4.3:remark8	PARTIAL	#974	10	Riehl 4.3: The adjunction calculus internal to a bicategory — composition, adjoint equivalences, and the representable characterization
riehl:4.3:exvi	ABSENT	#975	10	Riehl 4.3: The double category of categories, functors, adjunctions and mates
riehl:4.4:def7	PARTIAL	#976	10	Riehl 4.4: Two-variable adjunctions, left and right closures, and closed monoidal categories
riehl:4.4:def-closures	PARTIAL	#976	10	Riehl 4.4: Two-variable adjunctions, left and right closures, and closed monoidal categories
riehl:4.4:def-closed-monoidal	PARTIAL	#976	10	Riehl 4.4: Two-variable adjunctions, left and right closures, and closed monoidal categories
riehl:4.4:def-n-variable-adjunction	ABSENT	#976	10	Riehl 4.4: Two-variable adjunctions, left and right closures, and closed monoidal categories
riehl:4.6:exviii	ABSENT	#976	10	Riehl 4.4: Two-variable adjunctions, left and right closures, and closed monoidal categories
riehl:4.4:example2	ABSENT	#977	10	Riehl 4.4: Two antitone Galois connections — zero sets versus ideals, and axioms versus models
riehl:4.4:example3	ABSENT	#977	10	Riehl 4.4: Two antitone Galois connections — zero sets versus ideals, and axioms versus models
riehl:4.5:construction-setmono-slice	PARTIAL	#978	10	Riehl 4.5: Sets and injections — slices as predicate posets, and local cartesian closure without a terminal object
riehl:4.5:example5	ABSENT	#978	10	Riehl 4.5: Sets and injections — slices as predicate posets, and local cartesian closure without a terminal object
riehl:4.5:remark8	ABSENT	#978	10	Riehl 4.5: Sets and injections — slices as predicate posets, and local cartesian closure without a terminal object
riehl:4.5:example11	ABSENT	#979	10	Riehl 4.5: The composition-pullback-pushforward triple on slices of quivers over the walking arrow
riehl:4.5:exiv	ABSENT	#979	10	Riehl 4.5: The composition-pullback-pushforward triple on slices of quivers over the walking arrow
riehl:4.5:def-beck-chevalley	ABSENT	#980	10	Riehl 4.5: The Beck-Chevalley transformations and their invertibility over a pullback square
riehl:4.5:lem12	ABSENT	#980	10	Riehl 4.5: The Beck-Chevalley transformations and their invertibility over a pullback square
riehl:4.5:cor13	ABSENT	#980	10	Riehl 4.5: The Beck-Chevalley transformations and their invertibility over a pullback square
riehl:4.5:lem14	ABSENT	#981	10	Riehl 4.5: Distributivity of the dependent product over the dependent sum, and the type-theoretic axiom of choice
riehl:4.5:construction-type-theoretic-ac	ABSENT	#981	10	Riehl 4.5: Distributivity of the dependent product over the dependent sum, and the type-theoretic axiom of choice
riehl:4.6:cor5	PARTIAL	#982	10	Riehl 4.6: Distributive laws for sets, and the corresponding cardinal arithmetic
riehl:4.6:exvi	ABSENT	#983	10	Riehl 4.6: Adjoints preserve monomorphisms and epimorphisms, via the pullback characterization of a monomorphism
riehl:4.6:exvii	ABSENT	#984	10	Riehl 4.6: Cat is not locally cartesian closed
riehl:4.6:exx	PARTIAL	#985	10	Riehl 4.6: The essential image of a reflective subcategory, and its local objects
riehl:4.7:def16	ABSENT	#986	10	Riehl 4.7: Locally presentable categories, accessible functors, and their adjoint functor theorem
riehl:4.7:thm17	ABSENT	#986	10	Riehl 4.7: Locally presentable categories, accessible functors, and their adjoint functor theorem
riehl:4.1:example11	PARTIAL	#987	10	Riehl 4.1: Induction, restriction and coinduction along a group homomorphism
riehl:4.1:exiii	PARTIAL	#988	10	part: clause (ii) and the Graph question: adjoints to V : Quiver -> Set, and whether V : Graph -> Set has one
riehl:4.2:thm7	PARTIAL	#989	10	Riehl 4.2: The six equivalent presentations of an adjunction, closed as one theorem
riehl:4.5:exii	ABSENT	#990	10	Riehl 4.5: The composition laws of the slice adjoint triple, and the pushforward on morphisms
riehl:4.5:exiii	ABSENT	#990	10	Riehl 4.5: The composition laws of the slice adjoint triple, and the pushforward on morphisms
riehl:4.6:example13	ABSENT	#991	10	part: clause (vi): Cat reflective in simplicial sets via ho -| N
riehl:4.6:cor15	PARTIAL	#991	10	part: Cat is cocomplete (colimits via ho applied to the simplicial colimit)
riehl:4.0:construction-free-vector-space	ABSENT	#305	10	also covered by existing issue
riehl:4.1:example6	ABSENT	#456	10	also covered by existing issue
riehl:4.1:def-adjoint-triple	PARTIAL	#743	10	also covered by existing issue
riehl:4.1:def-galois-connection	PARTIAL	#380	10	also covered by existing issue
riehl:4.1:example7	ABSENT	#760	10	also covered by existing issue
riehl:4.1:example8	ABSENT	#384	10	also covered by existing issue
riehl:4.1:example9	ABSENT	#384	10	also covered by existing issue
riehl:4.1:example10	ABSENT	#312	10	also covered by existing issue
riehl:4.1:exii	ABSENT	#384	10	also covered by existing issue
riehl:4.1:exiii	PARTIAL	#357	10	part: clause (i): adjoints to ob : Cat ⟶ Set
riehl:4.1:exiv	PARTIAL	#743	10	also covered by existing issue
riehl:4.1:exv	ABSENT	#309	10	also covered by existing issue
riehl:4.2:example4	ABSENT	#298	10	also covered by existing issue
riehl:4.2:cor10	ABSENT	#386	10	also covered by existing issue
riehl:4.2:lem11	PARTIAL	#386	10	also covered by existing issue
riehl:4.2:exii	PARTIAL	#312	10	also covered by existing issue
riehl:4.2:exiii	PARTIAL	#380	10	also covered by existing issue
riehl:4.2:exiv	PARTIAL	#386	10	also covered by existing issue
riehl:4.2:exv	ABSENT	#393	10	also covered by existing issue
riehl:4.3:prop6	PARTIAL	#431	10	also covered by existing issue
riehl:4.3:def-2-functor	PARTIAL	#626	10	also covered by existing issue
riehl:4.3:def-conjugate	PARTIAL	#394	10	also covered by existing issue
riehl:4.3:exii	PARTIAL	#431	10	also covered by existing issue
riehl:4.3:exiii	PARTIAL	#431	10	also covered by existing issue
riehl:4.3:exiv	PARTIAL	#394	10	also covered by existing issue
riehl:4.3:exv	ABSENT	#398	10	also covered by existing issue
riehl:4.4:def1	PARTIAL	#358	10	also covered by existing issue
riehl:4.4:def-antitone-galois	ABSENT	#380	10	also covered by existing issue
riehl:4.4:prop4	PARTIAL	#348	10	also covered by existing issue
riehl:4.4:prop6	PARTIAL	#396	10	also covered by existing issue
riehl:4.4:example8	ABSENT	#401	10	also covered by existing issue
riehl:4.4:lem11	PARTIAL	#718	10	also covered by existing issue
riehl:4.4:example14	ABSENT	#522	10	also covered by existing issue
riehl:4.4:example15	ABSENT	#388	10	also covered by existing issue
riehl:4.4:example18	ABSENT	#528	10	also covered by existing issue
riehl:4.4:exi	ABSENT	#358	10	also covered by existing issue
riehl:4.4:exii	PARTIAL	#396	10	also covered by existing issue
riehl:4.4:exiii	ABSENT	#704	10	also covered by existing issue
riehl:4.4:exiv	ABSENT	#529	10	also covered by existing issue
riehl:4.4:exv	ABSENT	#388	10	part: clause (i): the module hom bifunctor
riehl:4.4:exv	ABSENT	#557	10	part: clause (ii): the chain-complex hom bifunctor
riehl:4.5:example1	PARTIAL	#389	10	also covered by existing issue
riehl:4.5:construction-quantifier-adjoint-triple	PARTIAL	#384	10	also covered by existing issue
riehl:4.5:def2	ABSENT	#732	10	also covered by existing issue
riehl:4.5:lem3	ABSENT	#732	10	also covered by existing issue
riehl:4.5:lem4	ABSENT	#732	10	also covered by existing issue
riehl:4.5:construction-slice-pullback-adjunction	PARTIAL	#730	10	also covered by existing issue
riehl:4.5:prop6	ABSENT	#732	10	also covered by existing issue
riehl:4.5:example7	ABSENT	#709	10	part: the equivalence Set/X ≃ Set^X (slices as indexed families)
riehl:4.5:example7	ABSENT	#729	10	part: the fibrewise adjoint triple
riehl:4.5:example7	ABSENT	#732	10	part: fibrewise cartesian closure, re-homed from #729 by DECISIONS.md 4.8; the discrete-base instance is #734's
riehl:4.5:construction-dependent-sum-product	PARTIAL	#944	10	also covered by existing issue
riehl:4.5:lem9	ABSENT	#733	10	also covered by existing issue
riehl:4.5:example10	ABSENT	#734	10	also covered by existing issue
riehl:4.5:exi	PARTIAL	#389	10	also covered by existing issue
riehl:4.6:prop1	PARTIAL	#353	10	also covered by existing issue
riehl:4.6:exi	ABSENT	#353	10	also covered by existing issue
riehl:4.6:exii	ABSENT	#353	10	also covered by existing issue
riehl:4.6:cor3	ABSENT	#382	10	also covered by existing issue
riehl:4.6:cor4	ABSENT	#388	10	also covered by existing issue
riehl:4.6:cor6	ABSENT	#324	10	also covered by existing issue
riehl:4.6:def7	PARTIAL	#546	10	also covered by existing issue
riehl:4.6:prop8	ABSENT	#546	10	also covered by existing issue
riehl:4.6:cor9	PARTIAL	#349	10	also covered by existing issue
riehl:4.6:cor10	ABSENT	#401	10	also covered by existing issue
riehl:4.6:lem11	PARTIAL	#367	10	also covered by existing issue
riehl:4.6:exix	PARTIAL	#367	10	also covered by existing issue
riehl:4.6:example13	ABSENT	#370	10	part: clauses (i)–(v): the concrete reflectors
riehl:4.6:prop14	ABSENT	#373	10	part: clause (i): the inclusion creates limits
riehl:4.6:prop14	ABSENT	#434	10	part: clause (ii): colimits formed by reflecting
riehl:4.6:cor15	PARTIAL	#414	10	part: Cat is complete
riehl:4.6:exiii	PARTIAL	#419	10	also covered by existing issue
riehl:4.6:exv	ABSENT	#564	10	also covered by existing issue
riehl:4.6:exxi	ABSENT	#434	10	also covered by existing issue
riehl:4.7:lem1	PARTIAL	#726	10	also covered by existing issue
riehl:4.7:lem2	PARTIAL	#438	10	also covered by existing issue
riehl:4.7:def4	PARTIAL	#435	10	also covered by existing issue
riehl:4.7:example6	ABSENT	#442	10	also covered by existing issue
riehl:4.7:def7	PARTIAL	#447	10	also covered by existing issue
riehl:4.7:def9	ABSENT	#445	10	also covered by existing issue
riehl:4.7:thm10	PARTIAL	#453	10	also covered by existing issue
riehl:4.7:lem11	PARTIAL	#452	10	also covered by existing issue
riehl:4.7:example12	ABSENT	#455	10	also covered by existing issue
riehl:4.7:cor13	ABSENT	#453	10	also covered by existing issue
riehl:4.7:cor14	PARTIAL	#437	10	also covered by existing issue
riehl:4.7:thm15	PARTIAL	#437	10	also covered by existing issue
riehl:4.7:exiii	ABSENT	#437	10	also covered by existing issue
riehl:4.7:construction-unitalization	ABSENT	#362	10	also covered by existing issue
riehl:4.7:exi	PARTIAL	#438	10	also covered by existing issue
riehl:4.7:exii	ABSENT	#461	10	also covered by existing issue
riehl:4.1:def1	PRESENT	-	-	Adjunction/Hom.v:72 Adjunction_Hom; Theory/Adjunction.v:130 Adjunction; Adjunction/Hom.v:223 Adjunction_Hom_to_Universal
riehl:4.1:example13	PRESENT	-	-	Construction/Free/Quiver.v:550 FreeForgetfulAdjunction; Construction/Free/Quiver.v:518 UniversalArrowQuiverCat; Construction/Free/Quiver.v:431 FreeOnQuiver
riehl:4.1:exvi	PRESENT	-	-	Construction/Comma/Adjunction.v:904 Adjunction_Comma; Construction/Comma/Adjunction.v:863 Comma_F_Id_Id_G_Iso
riehl:4.1:not5	PRESENT	-	-	Theory/Adjunction.v:364 right_adjoint_iso; Theory/Adjunction.v:130 Adjunction
riehl:4.2:def5	PRESENT	-	-	Adjunction/Natural/Transformation.v:35 Adjunction_Transform; Adjunction/Natural/Transformation/Universal.v:42 Adjunction_from_Transform
riehl:4.2:exi	PRESENT	-	-	Adjunction/Natural/Transformation/Opposite.v:33 Opposite_Adjunction_Transform; Adjunction/Opposite.v:34 Opposite_Adjunction
riehl:4.2:lem2	PRESENT	-	-	Adjunction/Hom.v:78 hom_unit; Adjunction/Natural/Transformation/Universal.v:84 Adjunction_to_Transform; Theory/Equivalence/Adjoint.v:85 adj_unit_naturality
riehl:4.2:lem3	PRESENT	-	-	Adjunction/Hom.v:97 hom_counit; Adjunction/Natural/Transformation/Universal.v:84 Adjunction_to_Transform; Theory/Equivalence/Adjoint.v:95 adj_counit_naturality
riehl:4.2:remark6	PRESENT	-	-	Theory/Adjunction.v:280 counit_fmap_unit; Theory/Adjunction.v:288 fmap_counit_unit
riehl:4.3:exi	PRESENT	-	-	Adjunction/Compose.v:216 Adjunction_Compose_unit; Adjunction/Compose.v:224 Adjunction_Compose_counit; Theory/Adjunction.v:280 counit_fmap_unit
riehl:4.3:prop4	PRESENT	-	-	Adjunction/Compose.v:173 Adjunction_Compose; Adjunction/Compose.v:216 Adjunction_Compose_unit; Adjunction/Compose.v:224 Adjunction_Compose_counit
riehl:4.3:prop5	PRESENT	-	-	Theory/Equivalence/Adjoint.v:333 Equivalence_to_AdjointEquivalence; Theory/Equivalence/Adjoint.v:414 AdjointEquivalence_swap_adjunction; Theory/Equivalence/Adjoint.v:223 equiv_adjunction
riehl:4.3:prop7	PRESENT	-	-	Theory/Bicategory/Mates.v:515 mate_iso; Instance/Cat/Bicategory/Adjunction.v:244 Cat_mate_unfold_raw
riehl:4.4:def10	PRESENT	-	-	Structure/Cartesian/Closed.v:43 Closed; Instance/Sets/Cartesian/Closed.v:38 Sets_Closed; Instance/Cat/Cartesian/Closed.v:47 Cat_Closed
riehl:4.4:example9	PRESENT	-	-	Instance/Sets/Cartesian/Closed.v:38 Sets_Closed; Functor/Hom/Internal.v:40 InternalHomFunctor; Functor/Product/Internal.v:34 InternalProductFunctor
riehl:4.6:def12	PRESENT	-	-	Construction/Reflective.v:60 Reflective; Construction/Reflective.v:92 reflective_counit_iso; Construction/Localization.v:241 reflector_inverts_W
riehl:4.6:exiv	PRESENT	-	-	Adjunction/Continuity.v:202 right_adjoint_preserves_limits; Adjunction/Continuity.v:183 rapl_is_alimit
riehl:4.6:thm2	PRESENT	-	-	Adjunction/Continuity.v:202 right_adjoint_preserves_limits; Adjunction/Continuity.v:223 left_adjoint_preserves_colimits; Adjunction/Continuity.v:183 rapl_is_alimit
riehl:4.7:def-continuous	PRESENT	-	-	Structure/Limit/Preservation.v:229 PreservesAllLimits; Structure/Limit/Preservation.v:232 PreservesAllColimits; Construction/Comma/Limit.v:110 PreservesImageLimit
riehl:4.7:def8	PRESENT	-	-	Theory/Subobject.v:15 SubObj; Theory/Subobject.v:33 SubObj_Setoid; Theory/Subobject.v:93 sub_equiv_iff_mutual
riehl:4.7:lem5	PRESENT	-	-	Theory/WeaklyInitial.v:89 initial_from_weakly_initial
riehl:4.7:thm3	PRESENT	-	-	Adjunction/GAFT.v:241 GAFT; Adjunction/GAFT.v:159 SolutionSet; Adjunction/GAFT.v:210 wif_of_sols
riehl:5.3:example2	ABSENT	#992	10	Riehl 5.1: The maybe monad on Sets — its Kleisli category of partial functions, its pointed-set algebras, and monadicity
riehl:5.2:example6	ABSENT	#992	10	part: clause (i): algebras of the maybe monad are pointed sets
riehl:5.5:example7	PARTIAL	#993	10	part: clause (iv): U : Cat -> Quiver is monadic, and the factorization through reflexive quivers
riehl:5.1:example4	PARTIAL	#994	10	part: catalogue row + clauses (vii)-(viii): the self-adjoint exponential and the continuation/double-dual monads
riehl:5.2:example11	PARTIAL	#995	10	part: clause (iii): the state monad and its Kleisli category
riehl:5.1:example5	PARTIAL	#996	10	part: clause (iv): the Giry monad on measurable spaces
riehl:5.1:exiii	PARTIAL	#997	10	Riehl 5.1: Characterizations of an idempotent monad — μ invertible, μ monic, and ηT = Tη
riehl:5.1:exii	ABSENT	#998	10	Riehl 5.1: The ultrafilter monad on Sets, as a submonad of the double power set monad
riehl:5.2:def1	ABSENT	#999	10	Riehl 5.2: Affine spaces — translation actions, affine combinations, and algebras for the affine-combination monad
riehl:5.2:def2	ABSENT	#999	10	Riehl 5.2: Affine spaces — translation actions, affine combinations, and algebras for the affine-combination monad
riehl:5.2:def3	ABSENT	#999	10	Riehl 5.2: Affine spaces — translation actions, affine combinations, and algebras for the affine-combination monad
riehl:5.2:exvi	ABSENT	#1000	10	Riehl 5.2: Eilenberg–Moore algebras as presheaves on the Kleisli category
riehl:5.3:prop3	PARTIAL	#1001	10	Riehl 5.3: Algebras for an idempotent monad form a reflective subcategory, and reflective inclusions are monadic
riehl:5.3:exi	ABSENT	#1001	10	Riehl 5.3: Algebras for an idempotent monad form a reflective subcategory, and reflective inclusions are monadic
riehl:5.6:lem1	PARTIAL	#1002	10	Riehl 5.3/5.6: Monadic functors are conservative, and bijective homomorphisms of algebras are isomorphisms
riehl:5.3:exiii	PARTIAL	#1002	10	Riehl 5.3/5.6: Monadic functors are conservative, and bijective homomorphisms of algebras are isomorphisms
riehl:5.6:cor4	PARTIAL	#1002	10	Riehl 5.3/5.6: Monadic functors are conservative, and bijective homomorphisms of algebras are isomorphisms
riehl:5.5:def-lattice	ABSENT	#1003	10	Riehl 5.5: Lattices and semilattices as categories over Set
riehl:5.5:def4	ABSENT	#1004	10	Riehl 5.5: Finitary functors and monads, and categories of models for an algebraic theory
riehl:5.5:def5	PARTIAL	#1004	10	Riehl 5.5: Finitary functors and monads, and categories of models for an algebraic theory
riehl:5.5:thm9	ABSENT	#1005	10	Riehl 5.5: Paré's theorem — the contravariant power set functor is monadic
riehl:5.5:lem10	ABSENT	#1005	10	Riehl 5.5: Paré's theorem — the contravariant power set functor is monadic
riehl:5.5:exv	ABSENT	#1006	10	Riehl 5.5: Restriction along a functor of small categories — the left Kan extension by copowers, and monadicity
riehl:5.5:exvi	ABSENT	#1006	10	Riehl 5.5: Restriction along a functor of small categories — the left Kan extension by copowers, and monadicity
riehl:5.5:exvii	PARTIAL	#1007	10	Riehl 5.5: The Lawvere theory of a monad on Set, built from its Kleisli category
riehl:5.5:def-lawvere-theory	PARTIAL	#1007	10	Riehl 5.5: The Lawvere theory of a monad on Set, built from its Kleisli category
riehl:5.6:thm5	ABSENT	#1008	10	Riehl 5.6: Monadic functors create limits, and the colimits preserved by T and T²
riehl:5.6:exii	ABSENT	#1008	10	Riehl 5.6: Monadic functors create limits, and the colimits preserved by T and T²
riehl:5.6:cor7	ABSENT	#1008	10	Riehl 5.6: Monadic functors create limits, and the colimits preserved by T and T²
riehl:5.6:prop11	ABSENT	#1009	10	Riehl 5.6: Cocompleteness of a monadic category reduces to coequalizers — coproducts of algebras as coequalizers of free algebras
riehl:5.6:exiii	ABSENT	#1009	10	Riehl 5.6: Cocompleteness of a monadic category reduces to coequalizers — coproducts of algebras as coequalizers of free algebras
riehl:5.6:construction-free-product	ABSENT	#1009	10	part: the general reduction: cocompleteness of a monadic category from coequalizers of free algebras
riehl:5.6:thm12	ABSENT	#1010	10	Riehl 5.6: Algebras for a finitary monad are complete and cocomplete, and categories of models are cocomplete
riehl:5.6:cor14	ABSENT	#1010	10	Riehl 5.6: Algebras for a finitary monad are complete and cocomplete, and categories of models are cocomplete
riehl:5.1:example4	PARTIAL	#471	10	part: clause (ii): the free monoid / list monad
riehl:5.1:example4	PARTIAL	#472	10	part: clause (iii): the free R-module monad
riehl:5.1:example4	PARTIAL	#442	10	part: clause (iv): the free group monad
riehl:5.1:example5	PARTIAL	#466	10	part: clause (i): the covariant power set monad
riehl:5.1:example5	PARTIAL	#471	10	part: clause (ii): the free commutative monoid (multiset) monad
riehl:5.1:example7	ABSENT	#463	10	part: monad/comonad on a poset = closure/kernel operator
riehl:5.1:example7	ABSENT	#745	10	part: topological closure and interior on the subsets of a space
riehl:5.1:exi	ABSENT	#502	10	also covered by existing issue
riehl:5.2:example11	PARTIAL	#471	10	part: clause (ii): the Kleisli category of the list monad
riehl:5.2:construction-adjT	ABSENT	#476	10	part: the category Adj_T of adjunctions inducing a fixed monad
riehl:5.2:construction-adjT	ABSENT	#482	10	part: morphisms of Adj_T: functors commuting with both adjoints
riehl:5.2:prop13	PARTIAL	#476	10	also covered by existing issue
riehl:5.2:lem14	ABSENT	#475	10	also covered by existing issue
riehl:5.2:exi	ABSENT	#487	10	also covered by existing issue
riehl:5.3:construction-ab-monadic	ABSENT	#472	10	part: the free abelian group monad Z[−] and Ab as its algebras
riehl:5.3:construction-ab-monadic	ABSENT	#484	10	part: strict monadicity: the comparison is an isomorphism
riehl:5.3:def-strictly-monadic	ABSENT	#484	10	also covered by existing issue
riehl:5.3:exii	PARTIAL	#370	10	also covered by existing issue
riehl:5.4:def-presentation	ABSENT	#663	10	also covered by existing issue
riehl:5.4:prop2	PARTIAL	#483	10	also covered by existing issue
riehl:5.4:def8	PARTIAL	#484	10	also covered by existing issue
riehl:5.4:cor10	PARTIAL	#484	10	part: clause (i): a monadic adjunction creates U-split coequalizers
riehl:5.4:cor10	PARTIAL	#483	10	part: clause (ii): the counit fork is a coequalizer
riehl:5.4:exi	ABSENT	#663	10	part: the canonical presentation read as generators and relations
riehl:5.4:exi	ABSENT	#530	10	part: in Ab the coequalizer of f,g is the cokernel of f − g
riehl:5.4:exii	PARTIAL	#483	10	also covered by existing issue
riehl:5.5:thm1	PARTIAL	#484	10	also covered by existing issue
riehl:5.5:cor3	ABSENT	#487	10	also covered by existing issue
riehl:5.5:exi	PARTIAL	#484	10	also covered by existing issue
riehl:5.5:exii	ABSENT	#487	10	also covered by existing issue
riehl:5.5:exiv	ABSENT	#464	10	also covered by existing issue
riehl:5.5:cor6	ABSENT	#489	10	also covered by existing issue
riehl:5.5:def-kuratowski	ABSENT	#489	10	also covered by existing issue
riehl:5.6:cor2	ABSENT	#489	10	also covered by existing issue
riehl:5.6:remark3	ABSENT	#489	10	also covered by existing issue
riehl:5.6:exi	ABSENT	#489	10	also covered by existing issue
riehl:5.6:cor10	ABSENT	#465	10	also covered by existing issue
riehl:5.6:example8	ABSENT	#409	10	also covered by existing issue
riehl:5.6:cor6	ABSENT	#373	10	also covered by existing issue
riehl:5.6:cor9	PARTIAL	#329	10	also covered by existing issue
riehl:5.6:construction-free-product	ABSENT	#450	10	part: the concrete free product of groups as a coequalizer
riehl:5.1:def1	PRESENT	-	-	Theory/Monad.v:92 Monad
riehl:5.1:def6	PRESENT	-	-	Comonad/Core.v:169 duplicate_duplicate; Comonad/Core.v:164 fmap_extract_duplicate; Comonad/Duality.v:170 Adjunction_Comonad
riehl:5.1:lem3	PRESENT	-	-	Monad/Comparison.v:123 Adjunction_Induced_Monad; Monad/Adjunction.v:48 Adjunction_Monad
riehl:5.1:remark2	PRESENT	-	-	Monad/Monoid.v:40 Monoid_Monad; Structure/Monoidal/Compose.v:42 Compose_Monoidal; Structure/Monoidal.v:125 Monoidal
riehl:5.2:def10	PRESENT	-	-	Monad/Kleisli.v:38 Kleisli
riehl:5.2:def4	PRESENT	-	-	Monad/Eilenberg/Moore.v:44 EilenbergMoore; Monad/Algebra.v:24 TAlgebra; Monad/Algebra.v:44 TAlgebraHom
riehl:5.2:def8	PRESENT	-	-	Monad/Eilenberg/Moore/Adjunction.v:79 EM_Free; Monad/Eilenberg/Moore/Adjunction.v:120 EM_extend_unique
riehl:5.2:exii	PRESENT	-	-	Monad/Eilenberg/Moore/Adjunction.v:183 EM_Adjunction; Monad/Eilenberg/Moore/Adjunction.v:219 EM_Monad_agrees; Monad/Eilenberg/Moore/Adjunction.v:208 EM_join_agrees
riehl:5.2:exiii	PRESENT	-	-	Comonad/Duality.v:324 CoEM_Adjunction; Comonad/Duality.v:362 CoEM_Comonad_agrees; Comonad/Coalgebra.v:116 WCoalgebra
riehl:5.2:exiv	PRESENT	-	-	Monad/Kleisli.v:38 Kleisli; Monad/Kleisli.v:87 monad_comp_assoc; Monad/Kleisli.v:81 monad_id_left
riehl:5.2:exv	PRESENT	-	-	Monad/Kleisli/Adjunction.v:157 Kleisli_Monad_agrees; Monad/Kleisli/Adjunction.v:52 Kleisli_Free; Monad/Kleisli/Adjunction.v:75 Kleisli_Forget
riehl:5.2:lem12	PRESENT	-	-	Monad/Kleisli/Adjunction.v:125 Kleisli_Adjunction; Monad/Kleisli/Adjunction.v:157 Kleisli_Monad_agrees; Monad/Kleisli/Adjunction.v:146 Kleisli_join_agrees
riehl:5.2:lem9	PRESENT	-	-	Monad/Eilenberg/Moore/Adjunction.v:183 EM_Adjunction; Monad/Eilenberg/Moore/Adjunction.v:219 EM_Monad_agrees; Monad/Eilenberg/Moore/Adjunction.v:208 EM_join_agrees
riehl:5.3:def1	PRESENT	-	-	Monad/Comparison.v:273 Monadic; Monad/Monadicity/Crude.v:601 crude_monadicity; Monad/Comparison.v:186 EM_Comparison
riehl:5.4:def4	PRESENT	-	-	Structure/Coequalizer/Split.v:40 SplitCoequalizer; Structure/Coequalizer.v:52 IsCoequalizer
riehl:5.4:example7	PRESENT	-	-	Monad/Monadicity/BeckObjects.v:75 canonical_split
riehl:5.4:lem6	PRESENT	-	-	Structure/Coequalizer/Split.v:90 split_coequalizer_is_coequalizer; Structure/Coequalizer/Split.v:132 split_coequalizer_preserved
riehl:5.4:prop9	PRESENT	-	-	Monad/Monadicity/BeckObjects.v:396 em_forget_creates_split; Monad/Monadicity/BeckObjects.v:385 CreatedSplitCoequalizer; Monad/Monadicity/Beck.v:911 monadic_creates
riehl:5.5:def-elementary-topos	PRESENT	-	-	Structure/Topos.v:112 ElementaryTopos; Instance/FinSet/Topos.v:38 FinSet_Topos
riehl:5.5:def-reflexive-pair	PRESENT	-	-	Structure/Coequalizer/Reflexive.v:40 ReflexivePair
riehl:5.5:exiii	PRESENT	-	-	Monad/Monadicity/Crude.v:601 crude_monadicity
riehl:5.5:prop8	PRESENT	-	-	Monad/Monadicity/Crude.v:601 crude_monadicity; Monad/Monadicity/Crude.v:100 PreservesReflexiveCoequalizers; Structure/Coequalizer/Reflexive.v:54 HasReflexiveCoequalizers
riehl:5.6:def-conservative	PRESENT	-	-	Structure/Limit/Preservation.v:243 ReflectsIsos; Theory/Equivalence/Limit.v:335 ff_reflects_isos
riehl:5.2:example6	ABSENT	#465	10	part: clause (ii): algebras of R ⊗ (−) on Ab are R-modules
riehl:5.2:example6	ABSENT	#471	10	part: clause (iii): algebras of the free monoid monad are monoids
riehl:5.2:example6	ABSENT	#463	10	part: clause (iv): algebras of a closure operator are the closed elements
riehl:5.5:example7	PARTIAL	#465	10	part: clause (i): R-Mod ⟶ Ab is monadic
riehl:5.5:example7	PARTIAL	#474	10	part: clause (ii): Ring ⟶ Ab is monadic
riehl:5.5:example7	ABSENT	#1006	10	part: clause (iii): ev : C^J -> C^{ob J} is monadic for C with coproducts and J small
riehl:E.2:example-symmetric-monoidal	PARTIAL	#1011	10	part: clause (d): chain complexes with the graded tensor and its sign conventions
riehl:E.3:def-bipointed-space	ABSENT	#1012	10	Riehl E.3: The universal property of the unit interval — bipointed spaces and Freyd's terminal coalgebra
riehl:E.3:thm1	ABSENT	#1012	10	Riehl E.3: The universal property of the unit interval — bipointed spaces and Freyd's terminal coalgebra
riehl:E.3:remark-terminal-coalgebra	PARTIAL	#1012	10	Riehl E.3: The universal property of the unit interval — bipointed spaces and Freyd's terminal coalgebra
riehl:E.4:def-grothendieck-topos	PARTIAL	#1013	10	Riehl E.4: Finite-limit-preserving functors and the definition of a Grothendieck topos
riehl:E.4:remark-cocomplete-and-elementary	PARTIAL	#1014	10	Riehl E.4: Every Grothendieck topos is a cocomplete elementary topos, and Fin is not one
riehl:E.4:def-disjoint-coproduct	ABSENT	#1015	10	Riehl E.4: Disjoint coproducts and universal (pullback-stable) colimits
riehl:E.4:def-universal-colimit	ABSENT	#1015	10	Riehl E.4: Disjoint coproducts and universal (pullback-stable) colimits
riehl:E.4:thm1	ABSENT	#1016	10	Riehl E.4: Giraud's theorem
riehl:E.1:thm-yoneda	PARTIAL	#316	10	also covered by existing issue
riehl:E.1:thm-representation-initial	PARTIAL	#946	10	also covered by existing issue
riehl:E.1:thm-colimit-construction	ABSENT	#416	10	also covered by existing issue
riehl:E.1:thm-large-products-poset	ABSENT	#423	10	also covered by existing issue
riehl:E.1:thm-gaft	PARTIAL	#453	10	also covered by existing issue
riehl:E.1:thm-locally-presentable-adjoints	ABSENT	#986	10	also covered by existing issue
riehl:E.1:thm-representability-criteria	ABSENT	#437	10	part: solution-set form of the representability criterion
riehl:E.1:thm-representability-criteria	ABSENT	#453	10	part: coseparator/intersections form (the SAFT corollary)
riehl:E.1:thm-monadicity	PARTIAL	#1008	10	part: clauses (ii)+(iii): creation of limits and of T,T2-preserved colimits
riehl:E.1:thm-monadicity	PARTIAL	#1010	10	part: clause (iv): cocompleteness from filtered-colimit preservation
riehl:E.1:thm-kan-adjoints	PARTIAL	#590	10	part: existence of Lan/Ran as adjoints to restriction
riehl:E.1:thm-kan-adjoints	PARTIAL	#591	10	part: the fully faithful clause: (co)reflectivity of the Kan adjunctions
riehl:E.2:example-symmetric-monoidal	PARTIAL	#490	10	part: clause (b): coproducts as a symmetric monoidal tensor
riehl:E.2:example-symmetric-monoidal	PARTIAL	#388	10	part: clause (c): R-Mod under the tensor product over R, and under direct sum
riehl:E.2:example-symmetric-monoidal	PARTIAL	#772	10	part: clause (e): a commutative monoid as a discrete symmetric monoidal category
riehl:E.2:thm-monoidal-coherence	ABSENT	#497	10	also covered by existing issue
riehl:E.2:thm2	ABSENT	#520	10	also covered by existing issue
riehl:E.2:cor-nary-tensor	PARTIAL	#520	10	also covered by existing issue
riehl:E.3:def-unit-interval	ABSENT	#249	10	also covered by existing issue
riehl:E.3:def-path	ABSENT	#249	10	also covered by existing issue
riehl:E.3:def-fundamental-groupoid	ABSENT	#249	10	also covered by existing issue
riehl:E.4:def-site	PARTIAL	#890	10	also covered by existing issue
riehl:E.4:def-sheaf	PARTIAL	#890	10	also covered by existing issue
riehl:E.4:def-separating-set	PARTIAL	#447	10	also covered by existing issue
riehl:E.4:def-effective-equivalence-relation	ABSENT	#960	10	also covered by existing issue
riehl:E.4:exi	ABSENT	#722	10	also covered by existing issue
riehl:E.5:def1	PARTIAL	#547	10	also covered by existing issue
riehl:E.5:def-biproduct	PARTIAL	#534	10	also covered by existing issue
riehl:E.5:remark-ab-enrichment	PARTIAL	#547	10	also covered by existing issue
riehl:E.5:def-image	PARTIAL	#544	10	also covered by existing issue
riehl:E.5:def-exact-sequence	ABSENT	#545	10	also covered by existing issue
riehl:E.5:remark-five-lemma	ABSENT	#554	10	also covered by existing issue
riehl:E.5:def-exact-functor	ABSENT	#546	10	also covered by existing issue
riehl:E.5:thm2	ABSENT	#558	10	also covered by existing issue
riehl:E.5:exi	PARTIAL	#542	10	part: part (ii): an abelian category is balanced
riehl:E.5:exi	PARTIAL	#554	10	part: part (iii): the short five lemma
riehl:E.1:def-representable	PRESENT	-	-	Functor/Representable.v:46 Representable
riehl:E.1:exi	OUT_OF_SCOPE	-	-	OOS: The exercise asks the reader to explain a favourite theorem to a friend who does
riehl:E.1:thm-adjoints-preserve	PRESENT	-	-	Adjunction/Continuity.v:183 rapl_is_alimit; Adjunction/Continuity.v:202 right_adjoint_preserves_limits; Adjunction/Continuity.v:223 left_adjoint_preserves_colimits
riehl:E.2:def-monoidal-category	PRESENT	-	-	Structure/Monoidal.v:125 Monoidal
riehl:E.2:def-symmetric-monoidal-category	PRESENT	-	-	Structure/Monoidal/Symmetric.v:103 SymmetricMonoidal; Structure/Monoidal/Braided.v:128 BraidedMonoidal; Structure/Monoidal.v:125 Monoidal
riehl:E.2:exi	PRESENT	-	-	Structure/Monoidal/Internal/Product.v:314 CC_SymmetricMonoidal; Structure/Monoidal/Internal/Product.v:54 CC_Monoidal; Structure/Monoidal/Internal/Product.v:190 CC_BraidedMonoidal
riehl:E.3:def-coalgebra	PRESENT	-	-	Construction/FCoalg.v:28 FCoalg; Construction/FAlg.v:105 FAlgHom; Theory/Functor.v:382 FCoalgebra
riehl:E.3:exi	PRESENT	-	-	Theory/Lambek.v:78 lambek_final; Theory/Lambek.v:40 lambek
riehl:E.4:def-presheaf	PRESENT	-	-	Theory/Sheaf.v:124 Presheaf; Theory/Sheaf.v:127 Presheaves; Functor/Hom/Yoneda.v:133 Yoneda_Lemma
riehl:6.1:def-unit-counit	PARTIAL	#1017	10	Riehl 6.1: Kan extensions as representations — the candidate category, terminality, and essential uniqueness
riehl:6.1:exii	PARTIAL	#1017	10	Riehl 6.1: Kan extensions as representations — the candidate category, terminality, and essential uniqueness
riehl:6.1:exv	PARTIAL	#1017	10	Riehl 6.1: Kan extensions as representations — the candidate category, terminality, and essential uniqueness
riehl:6.1:example3	ABSENT	#1018	10	Riehl 6.1/6.2: Kan extensions along the inclusion of the parallel pair into the free fork
riehl:6.2:exi	ABSENT	#1018	10	Riehl 6.1/6.2: Kan extensions along the inclusion of the parallel pair into the free fork
riehl:6.1:exiv	ABSENT	#1019	10	Riehl 6.1/6.2: Extension along a fully faithful functor — the walking-triangle example and a non-pointwise counterexample
riehl:6.2:example15	ABSENT	#1019	10	Riehl 6.1/6.2: Extension along a fully faithful functor — the walking-triangle example and a non-pointwise counterexample
riehl:6.1:example8	ABSENT	#1020	10	Riehl 6.1/6.2: The augmented simplex category and the adjoint triples on simplicial sets — augmentation, truncation, skeleton and coskeleton
riehl:6.2:example13	ABSENT	#1020	10	Riehl 6.1/6.2: The augmented simplex category and the adjoint triples on simplicial sets — augmentation, truncation, skeleton and coskeleton
riehl:6.2:construction-comma-slice-projection	PARTIAL	#1021	10	Riehl 6.2: The comma category K↓d as the indexing data for Kan extensions — projection, reindexing, and the category-of-elements identification
riehl:6.2:example8	ABSENT	#1022	10	Riehl 6.2: The real exponential as a Kan extension along the rationals in the reals
riehl:6.2:exiii	ABSENT	#1022	10	Riehl 6.2: The real exponential as a Kan extension along the rationals in the reals
riehl:6.2:example9	ABSENT	#1023	10	Riehl 6.2: Explicit induction and coinduction formulae for a subgroup inclusion
riehl:6.2:example12	ABSENT	#1024	10	Riehl 6.2: The fixed-point functor as a right Kan extension along the orbit-category embedding
riehl:6.3:example3	ABSENT	#1025	10	Riehl 6.3: Preservation of induced and coinduced objects by underlying-set functors
riehl:6.3:example4	ABSENT	#1025	10	Riehl 6.3: Preservation of induced and coinduced objects by underlying-set functors
riehl:6.3:prop9	ABSENT	#1026	10	Riehl 6.3: (Co)completeness as an adjoint to restriction along the cone-shape inclusion
riehl:6.3:exii	ABSENT	#1026	10	Riehl 6.3: (Co)completeness as an adjoint to restriction along the cone-shape inclusion
riehl:6.4:def1	ABSENT	#1027	10	Riehl 6.4: Homotopical categories — weak equivalences, the 2-of-6 property, and homotopical functors
riehl:6.4:lem2	ABSENT	#1027	10	Riehl 6.4: Homotopical categories — weak equivalences, the 2-of-6 property, and homotopical functors
riehl:6.4:def3	ABSENT	#1027	10	Riehl 6.4: Homotopical categories — weak equivalences, the 2-of-6 property, and homotopical functors
riehl:6.4:example4	ABSENT	#1027	10	Riehl 6.4: Homotopical categories — weak equivalences, the 2-of-6 property, and homotopical functors
riehl:6.4:exi	ABSENT	#1027	10	Riehl 6.4: Homotopical categories — weak equivalences, the 2-of-6 property, and homotopical functors
riehl:6.4:def5	PARTIAL	#1028	10	Riehl 6.4: The homotopy category and the localization functor — universal property and the Gabriel–Zisman construction
riehl:6.4:construction-gabriel-zisman-hoc	ABSENT	#1028	10	Riehl 6.4: The homotopy category and the localization functor — universal property and the Gabriel–Zisman construction
riehl:6.4:remark6	ABSENT	#1028	10	Riehl 6.4: The homotopy category and the localization functor — universal property and the Gabriel–Zisman construction
riehl:6.4:exii	ABSENT	#1028	10	Riehl 6.4: The homotopy category and the localization functor — universal property and the Gabriel–Zisman construction
riehl:6.4:example7	ABSENT	#1029	10	Riehl 6.4: Concrete homotopical structures — chain complexes and topological spaces
riehl:6.4:example8	ABSENT	#1029	10	Riehl 6.4: Concrete homotopical structures — chain complexes and topological spaces
riehl:6.4:def9	ABSENT	#1030	10	Riehl 6.4: Total and point-set derived functors as Kan extensions along localization
riehl:6.4:def10	ABSENT	#1030	10	Riehl 6.4: Total and point-set derived functors as Kan extensions along localization
riehl:6.4:def11	ABSENT	#1031	10	Riehl 6.4: Deformations and the construction of derived functors
riehl:6.4:def-deformable	ABSENT	#1031	10	Riehl 6.4: Deformations and the construction of derived functors
riehl:6.4:exiii	ABSENT	#1031	10	Riehl 6.4: Deformations and the construction of derived functors
riehl:6.4:prop12	ABSENT	#1031	10	Riehl 6.4: Deformations and the construction of derived functors
riehl:6.4:prop13	ABSENT	#1032	10	Riehl 6.4: Derived functors of deformable functors are absolute, and the derived adjunction
riehl:6.4:prop14	ABSENT	#1032	10	Riehl 6.4: Derived functors of deformable functors are absolute, and the derived adjunction
riehl:6.4:exiv	ABSENT	#1032	10	Riehl 6.4: Derived functors of deformable functors are absolute, and the derived adjunction
riehl:6.4:remark15	ABSENT	#1032	10	Riehl 6.4: Derived functors of deformable functors are absolute, and the derived adjunction
riehl:6.5:eq3	PARTIAL	#1033	10	Riehl 6.5: A functor as a (co)limit over its (co)slices, and the Yoneda equalizer and co-Yoneda coequalizer formulas
riehl:6.5:prop4	PARTIAL	#1033	10	Riehl 6.5: A functor as a (co)limit over its (co)slices, and the Yoneda equalizer and co-Yoneda coequalizer formulas
riehl:6.5:eq5	PARTIAL	#1033	10	Riehl 6.5: A functor as a (co)limit over its (co)slices, and the Yoneda equalizer and co-Yoneda coequalizer formulas
riehl:6.5:prop6	PARTIAL	#1033	10	Riehl 6.5: A functor as a (co)limit over its (co)slices, and the Yoneda equalizer and co-Yoneda coequalizer formulas
riehl:6.5:prop9	ABSENT	#1034	10	Riehl 6.5: Adjunctions out of a presheaf category — left Kan extension along Yoneda and the nerve-realization paradigm
riehl:6.5:exiv	ABSENT	#1035	10	Riehl 6.5: The sheaf and etale-space adjunction from the inclusion of opens into spaces over a base
riehl:6.5:exvi	ABSENT	#1036	10	Riehl 6.5: Geometric realization and the total singular complex
riehl:6.5:example12	ABSENT	#1037	10	Riehl 6.5: The ultrafilter monad as the codensity monad of the inclusion of finite sets
riehl:6.5:example11	ABSENT	#1038	10	Riehl 6.5: The codensity monad of the inclusion of fields into commutative rings
riehl:6.5:example13	ABSENT	#1039	10	Riehl 6.5: The Giry monad as a codensity monad
riehl:6.1:remark2	ABSENT	#591	10	also covered by existing issue
riehl:6.1:example4	ABSENT	#592	10	also covered by existing issue
riehl:6.1:example5	ABSENT	#987	10	also covered by existing issue
riehl:6.1:prop6	PARTIAL	#590	10	also covered by existing issue
riehl:6.1:example7	ABSENT	#987	10	also covered by existing issue
riehl:6.1:exi	ABSENT	#603	10	also covered by existing issue
riehl:6.1:exiii	ABSENT	#597	10	also covered by existing issue
riehl:6.2:thm1	PARTIAL	#589	10	also covered by existing issue
riehl:6.2:def6	ABSENT	#599	10	also covered by existing issue
riehl:6.2:cor7	ABSENT	#590	10	also covered by existing issue
riehl:6.2:cor14	ABSENT	#591	10	also covered by existing issue
riehl:6.2:exii	ABSENT	#988	10	also covered by existing issue
riehl:6.3:def1	PARTIAL	#598	10	also covered by existing issue
riehl:6.3:lem2	PARTIAL	#598	10	also covered by existing issue
riehl:6.3:def5	ABSENT	#599	10	also covered by existing issue
riehl:6.3:def6	ABSENT	#599	10	also covered by existing issue
riehl:6.3:thm7	ABSENT	#599	10	also covered by existing issue
riehl:6.3:lem8	ABSENT	#599	10	also covered by existing issue
riehl:6.3:exi	ABSENT	#599	10	also covered by existing issue
riehl:6.3:construction-cone-category	ABSENT	#961	10	also covered by existing issue
riehl:6.4:def-absolute-kan-extension	PARTIAL	#604	10	also covered by existing issue
riehl:6.5:prop1	PARTIAL	#603	10	also covered by existing issue
riehl:6.5:prop2	ABSENT	#604	10	also covered by existing issue
riehl:6.5:thm7	PARTIAL	#346	10	also covered by existing issue
riehl:6.5:exii	PARTIAL	#346	10	also covered by existing issue
riehl:6.5:def-dense-subcategory	ABSENT	#600	10	also covered by existing issue
riehl:6.5:thm8	ABSENT	#600	10	also covered by existing issue
riehl:6.5:def-codense	ABSENT	#600	10	also covered by existing issue
riehl:6.5:def10	PARTIAL	#605	10	also covered by existing issue
riehl:6.5:exviii	ABSENT	#605	10	also covered by existing issue
riehl:6.5:exix	ABSENT	#605	10	also covered by existing issue
riehl:6.5:exi	ABSENT	#604	10	also covered by existing issue
riehl:6.5:exiii	ABSENT	#718	10	also covered by existing issue
riehl:6.5:exv	ABSENT	#991	10	also covered by existing issue
riehl:6.5:exvii	ABSENT	#733	10	also covered by existing issue
riehl:6.1:def1	PRESENT	-	-	Theory/Kan/Extension.v:234 LocalLeftKan; Theory/Kan/Extension.v:154 LocalRightKan
